Datetime,eur,nok,sek,cny,jpy
2026-07-06 00:00:00+01:00,1.1440337896347046,9.814689636230469,9.634559631347656,,161.42100524902344
2026-07-06 00:01:00+01:00,1.1440337896347046,9.813639640808105,9.625320434570312,,161.41299438476562
2026-07-06 00:02:00+01:00,1.1440337896347046,9.811140060424805,9.634650230407715,,161.4600067138672
2026-07-06 00:03:00+01:00,1.1439030170440674,9.82406997680664,9.633509635925293,,161.4499969482422
2026-07-06 00:04:00+01:00,1.1439030170440674,9.822469711303711,9.634289741516113,,161.468994140625
2026-07-06 00:05:00+01:00,1.1437721252441406,9.82820987701416,9.637140274047852,,161.4530029296875
2026-07-06 00:06:00+01:00,1.1437721252441406,9.825220108032227,9.633769989013672,6.779200077056885,161.45799255371094
2026-07-06 00:07:00+01:00,1.1437721252441406,9.829910278320312,9.632559776306152,,161.46800231933594
2026-07-06 00:08:00+01:00,1.1437721252441406,9.827659606933594,9.634119987487793,,161.45700073242188
2026-07-06 00:09:00+01:00,1.1437721252441406,9.816789627075195,9.63541030883789,,161.45799255371094
2026-07-06 00:10:00+01:00,1.1436413526535034,9.823419570922852,9.636420249938965,,161.447998046875
2026-07-06 00:11:00+01:00,1.1437721252441406,9.824660301208496,9.63778018951416,,161.4530029296875
2026-07-06 00:12:00+01:00,1.1437721252441406,9.823060035705566,9.631939888000488,6.770199775695801,161.4600067138672
2026-07-06 00:13:00+01:00,1.1437721252441406,9.82643985748291,9.641289710998535,,161.468994140625
2026-07-06 00:14:00+01:00,1.1437721252441406,9.825909614562988,9.638970375061035,,161.46099853515625
2026-07-06 00:15:00+01:00,1.1437721252441406,9.8270902633667,9.640250205993652,,161.46299743652344
2026-07-06 00:16:00+01:00,1.1436413526535034,9.829139709472656,9.64109992980957,,161.468994140625
2026-07-06 00:17:00+01:00,1.1437721252441406,9.83135986328125,9.640890121459961,,161.46400451660156
2026-07-06 00:18:00+01:00,1.1437721252441406,9.831000328063965,9.634659767150879,,161.47799682617188
2026-07-06 00:19:00+01:00,1.1436413526535034,9.83156967163086,9.639960289001465,,161.48399353027344
2026-07-06 00:20:00+01:00,1.1437721252441406,9.834110260009766,9.633600234985352,,161.4770050048828
2026-07-06 00:21:00+01:00,1.1437721252441406,9.832110404968262,9.633600234985352,,161.48500061035156
2026-07-06 00:22:00+01:00,1.1437721252441406,9.831509590148926,9.633700370788574,,161.48300170898438
2026-07-06 00:23:00+01:00,1.1437721252441406,9.833279609680176,9.633700370788574,,161.48199462890625
2026-07-06 00:24:00+01:00,1.1439030170440674,9.83218002319336,9.639389991760254,,161.49899291992188
2026-07-06 00:25:00+01:00,1.1437721252441406,9.832799911499023,9.633700370788574,,161.4949951171875
2026-07-06 00:26:00+01:00,1.1437721252441406,9.834380149841309,9.634940147399902,,161.48899841308594
2026-07-06 00:27:00+01:00,1.1439030170440674,9.833040237426758,9.63988971710205,,161.46299743652344
2026-07-06 00:28:00+01:00,1.1440337896347046,9.830289840698242,9.634659767150879,,161.44700622558594
2026-07-06 00:29:00+01:00,1.1439030170440674,9.831560134887695,9.632740020751953,,161.46200561523438
2026-07-06 00:30:00+01:00,1.1439030170440674,9.832019805908203,9.640990257263184,,161.46299743652344
2026-07-06 00:31:00+01:00,1.1439030170440674,9.832019805908203,9.632740020751953,,161.46099853515625
2026-07-06 00:32:00+01:00,1.1440337896347046,9.831119537353516,9.64052963256836,,161.45399475097656
2026-07-06 00:33:00+01:00,1.1440337896347046,9.831239700317383,9.634659767150879,,161.46299743652344
2026-07-06 00:34:00+01:00,1.1440337896347046,9.829910278320312,9.640629768371582,,161.45599365234375
2026-07-06 00:35:00+01:00,1.1440337896347046,9.830599784851074,9.632740020751953,,161.4510040283203
2026-07-06 00:36:00+01:00,1.1439030170440674,9.830599784851074,9.639619827270508,,161.46200561523438
2026-07-06 00:37:00+01:00,1.1440337896347046,9.830430030822754,9.634559631347656,,161.46400451660156
2026-07-06 00:38:00+01:00,1.1440337896347046,9.831600189208984,9.639300346374512,,161.4759979248047
2026-07-06 00:39:00+01:00,1.1440337896347046,9.830880165100098,9.634559631347656,,161.47000122070312
2026-07-06 00:40:00+01:00,1.1440337896347046,9.830550193786621,9.639019966125488,6.770199775695801,161.46400451660156
2026-07-06 00:41:00+01:00,1.1440337896347046,9.830989837646484,9.634559631347656,,161.4669952392578
2026-07-06 00:42:00+01:00,1.1440337896347046,9.831419944763184,9.639039993286133,,161.46800231933594
2026-07-06 00:43:00+01:00,1.1440337896347046,9.827500343322754,9.640199661254883,,161.45700073242188
2026-07-06 00:44:00+01:00,1.1440337896347046,9.826419830322266,9.640250205993652,,161.4600067138672
2026-07-06 00:45:00+01:00,1.1440337896347046,9.827349662780762,9.63860034942627,,161.43600463867188
2026-07-06 00:46:00+01:00,1.144164800643921,9.826749801635742,9.638620376586914,,161.4239959716797
2026-07-06 00:47:00+01:00,1.1440337896347046,9.827349662780762,9.635700225830078,,161.44400024414062
2026-07-06 00:48:00+01:00,1.1440337896347046,9.82705020904541,9.638669967651367,,161.4239959716797
2026-07-06 00:49:00+01:00,1.1440337896347046,9.822850227355957,9.639639854431152,,161.43600463867188
2026-07-06 00:50:00+01:00,1.1439030170440674,9.828900337219238,9.640350341796875,,161.4499969482422
2026-07-06 00:51:00+01:00,1.1440337896347046,9.829019546508789,9.640310287475586,,161.4530029296875
2026-07-06 00:52:00+01:00,1.1439030170440674,9.830450057983398,9.640560150146484,6.770199775695801,161.45599365234375
2026-07-06 00:53:00+01:00,1.1439030170440674,9.830949783325195,9.638689994812012,,161.46400451660156
2026-07-06 00:54:00+01:00,1.1439030170440674,9.830849647521973,9.639479637145996,,161.46800231933594
2026-07-06 00:55:00+01:00,1.1439030170440674,9.83141040802002,9.641220092773438,,161.46200561523438
2026-07-06 00:56:00+01:00,1.1440337896347046,9.829739570617676,9.639829635620117,6.770199775695801,161.4530029296875
2026-07-06 00:57:00+01:00,1.144164800643921,9.828829765319824,9.638239860534668,,161.44500732421875
2026-07-06 00:58:00+01:00,1.1440337896347046,9.827750205993652,9.64048957824707,,161.45599365234375
2026-07-06 00:59:00+01:00,1.1440337896347046,9.828229904174805,9.641180038452148,,161.4600067138672
2026-07-06 01:00:00+01:00,1.1440337896347046,9.830300331115723,9.64013957977295,,161.48199462890625
2026-07-06 01:01:00+01:00,1.1439030170440674,9.829649925231934,9.639430046081543,,161.4720001220703
2026-07-06 01:02:00+01:00,1.1440337896347046,9.829569816589355,9.640270233154297,,161.4770050048828
2026-07-06 01:03:00+01:00,1.1439030170440674,9.83215045928955,9.643139839172363,,161.49000549316406
2026-07-06 01:04:00+01:00,1.1440337896347046,9.832830429077148,9.641090393066406,,161.52699279785156
2026-07-06 01:05:00+01:00,1.1439030170440674,9.833550453186035,9.642999649047852,,161.55299377441406
2026-07-06 01:06:00+01:00,1.1439030170440674,9.833990097045898,9.644280433654785,,161.53700256347656
2026-07-06 01:07:00+01:00,1.1437721252441406,9.835949897766113,9.645050048828125,,161.54400634765625
2026-07-06 01:08:00+01:00,1.1439030170440674,9.834309577941895,9.644889831542969,,161.54800415039062
2026-07-06 01:09:00+01:00,1.1437721252441406,9.836150169372559,9.644160270690918,,161.57899475097656
2026-07-06 01:10:00+01:00,1.1437721252441406,9.836009979248047,9.646249771118164,,161.56500244140625
2026-07-06 01:11:00+01:00,1.1437721252441406,9.83551025390625,9.646280288696289,,161.55099487304688
2026-07-06 01:12:00+01:00,1.1437721252441406,9.834850311279297,9.645649909973145,,161.552001953125
2026-07-06 01:13:00+01:00,1.1439030170440674,9.83353042602539,9.643589973449707,,161.54299926757812
2026-07-06 01:14:00+01:00,1.1440337896347046,9.832050323486328,9.64348030090332,,161.53799438476562
2026-07-06 01:15:00+01:00,1.1440337896347046,9.830550193786621,9.64009952545166,,161.5279998779297
2026-07-06 01:16:00+01:00,1.144164800643921,9.827349662780762,9.635350227355957,,161.47999572753906
2026-07-06 01:17:00+01:00,1.144426703453064,9.8260498046875,9.638429641723633,,161.4739990234375
2026-07-06 01:18:00+01:00,1.144164800643921,9.827019691467285,9.63875961303711,,161.5019989013672
2026-07-06 01:19:00+01:00,1.144164800643921,9.825499534606934,9.638699531555176,,161.50599670410156
2026-07-06 01:20:00+01:00,1.144164800643921,9.825050354003906,9.638429641723633,,161.50399780273438
2026-07-06 01:21:00+01:00,1.144164800643921,9.825249671936035,9.636059761047363,,161.5
2026-07-06 01:22:00+01:00,1.144164800643921,9.826470375061035,9.639060020446777,,161.4980010986328
2026-07-06 01:23:00+01:00,1.144164800643921,9.827949523925781,9.639439582824707,,161.51699829101562
2026-07-06 01:24:00+01:00,1.144164800643921,9.828550338745117,9.640290260314941,,161.52200317382812
2026-07-06 01:25:00+01:00,1.144164800643921,9.830249786376953,9.641039848327637,,161.5240020751953
2026-07-06 01:26:00+01:00,1.1440337896347046,9.831350326538086,9.642129898071289,,161.53199768066406
2026-07-06 01:27:00+01:00,1.1440337896347046,9.830650329589844,9.641289710998535,,161.5189971923828
2026-07-06 01:28:00+01:00,1.144164800643921,9.830949783325195,9.641220092773438,,161.50999450683594
2026-07-06 01:29:00+01:00,1.144164800643921,9.831450462341309,9.639479637145996,,161.4949951171875
2026-07-06 01:30:00+01:00,1.144426703453064,9.829549789428711,9.639510154724121,,161.48699951171875
2026-07-06 01:31:00+01:00,1.144164800643921,9.829649925231934,9.638669967651367,,161.5050048828125
2026-07-06 01:32:00+01:00,1.1442956924438477,9.828949928283691,9.638839721679688,,161.48599243164062
2026-07-06 01:33:00+01:00,1.1442956924438477,9.82938003540039,9.640029907226562,,161.48899841308594
2026-07-06 01:34:00+01:00,1.144164800643921,9.829449653625488,9.639519691467285,,161.50100708007812
2026-07-06 01:35:00+01:00,1.144164800643921,9.82925033569336,9.63953971862793,,161.51600646972656
2026-07-06 01:36:00+01:00,1.144164800643921,9.828330039978027,9.640060424804688,,161.51300048828125
2026-07-06 01:37:00+01:00,1.1442956924438477,9.826749801635742,9.638130187988281,,161.5070037841797
2026-07-06 01:38:00+01:00,1.1442956924438477,9.828049659729004,9.639960289001465,,161.53799438476562
2026-07-06 01:39:00+01:00,1.1442956924438477,9.827150344848633,9.6385498046875,,161.53900146484375
2026-07-06 01:40:00+01:00,1.1442956924438477,9.826549530029297,9.636529922485352,,161.52499389648438
2026-07-06 01:41:00+01:00,1.1442956924438477,9.826549530029297,9.637310028076172,,161.52699279785156
2026-07-06 01:42:00+01:00,1.144426703453064,9.82664966583252,9.636969566345215,,161.54100036621094
2026-07-06 01:43:00+01:00,1.1442956924438477,9.827150344848633,9.638360023498535,,161.53399658203125
2026-07-06 01:44:00+01:00,1.144426703453064,9.82705020904541,9.638330459594727,,161.52000427246094
2026-07-06 01:45:00+01:00,1.1442956924438477,9.82532024383545,9.637630462646484,,161.5290069580078
2026-07-06 01:46:00+01:00,1.1442956924438477,9.82522964477539,9.637149810791016,,161.52499389648438
2026-07-06 01:47:00+01:00,1.1442956924438477,9.82489013671875,9.637269973754883,,161.5500030517578
2026-07-06 01:48:00+01:00,1.1442956924438477,9.825050354003906,9.63523006439209,,161.56700134277344
2026-07-06 01:49:00+01:00,1.144164800643921,9.826640129089355,9.638130187988281,,161.57000732421875
2026-07-06 01:50:00+01:00,1.144164800643921,9.827850341796875,9.639619827270508,,161.5919952392578
2026-07-06 01:51:00+01:00,1.144164800643921,9.827969551086426,9.639019966125488,,161.5919952392578
2026-07-06 01:52:00+01:00,1.144164800643921,9.827320098876953,9.636110305786133,,161.5800018310547
2026-07-06 01:53:00+01:00,1.144164800643921,9.828929901123047,9.638429641723633,,161.56500244140625
2026-07-06 01:54:00+01:00,1.1440337896347046,9.829549789428711,9.639459609985352,,161.55499267578125
2026-07-06 01:55:00+01:00,1.1442956924438477,9.827719688415527,9.637120246887207,,161.4980010986328
2026-07-06 01:56:00+01:00,1.1442956924438477,9.828849792480469,9.636839866638184,,161.51699829101562
2026-07-06 01:57:00+01:00,1.144164800643921,9.827850341796875,9.636639595031738,,161.49600219726562
2026-07-06 01:58:00+01:00,1.144164800643921,9.829279899597168,9.639800071716309,,161.50799560546875
2026-07-06 01:59:00+01:00,1.144164800643921,9.829750061035156,9.639909744262695,,161.5279998779297
2026-07-06 02:00:00+01:00,1.144164800643921,9.83213996887207,9.642080307006836,,161.55799865722656
2026-07-06 02:01:00+01:00,1.1440337896347046,9.830450057983398,9.640620231628418,,161.552001953125
2026-07-06 02:02:00+01:00,1.1440337896347046,9.829150199890137,9.640520095825195,,161.5330047607422
2026-07-06 02:03:00+01:00,1.1440337896347046,9.829150199890137,9.641380310058594,,161.56500244140625
2026-07-06 02:04:00+01:00,1.1440337896347046,9.830670356750488,9.641799926757812,,161.56100463867188
2026-07-06 02:05:00+01:00,1.1440337896347046,9.832650184631348,9.641639709472656,,161.5780029296875
2026-07-06 02:06:00+01:00,1.1439030170440674,9.833250045776367,9.641559600830078,,161.56100463867188
2026-07-06 02:07:00+01:00,1.1439030170440674,9.832249641418457,9.642120361328125,,161.56399536132812
2026-07-06 02:08:00+01:00,1.1440337896347046,9.831809997558594,9.639510154724121,,161.5489959716797
2026-07-06 02:09:00+01:00,1.1440337896347046,9.831250190734863,9.64132022857666,,161.5570068359375
2026-07-06 02:10:00+01:00,1.144164800643921,9.829850196838379,9.639019966125488,,161.53700256347656
2026-07-06 02:11:00+01:00,1.144164800643921,9.828169822692871,9.640020370483398,,161.5500030517578
2026-07-06 02:12:00+01:00,1.1440337896347046,9.826729774475098,9.640819549560547,,161.60000610351562
2026-07-06 02:13:00+01:00,1.1439030170440674,9.826530456542969,9.6395902633667,,161.58799743652344
2026-07-06 02:14:00+01:00,1.1440337896347046,9.827199935913086,9.639309883117676,,161.59300231933594
2026-07-06 02:15:00+01:00,1.1439030170440674,9.82787036895752,9.641790390014648,,161.61500549316406
2026-07-06 02:16:00+01:00,1.1439030170440674,9.829079627990723,9.642499923706055,6.769400119781494,161.63999938964844
2026-07-06 02:17:00+01:00,1.1437721252441406,9.829400062561035,9.641610145568848,,161.63800048828125
2026-07-06 02:18:00+01:00,1.1437721252441406,9.82938003540039,9.64249038696289,,161.63499450683594
2026-07-06 02:19:00+01:00,1.1439030170440674,9.830069541931152,9.642930030822754,,161.6510009765625
2026-07-06 02:20:00+01:00,1.1436413526535034,9.83080005645752,9.643759727478027,,161.66299438476562
2026-07-06 02:21:00+01:00,1.1435105800628662,9.832389831542969,9.646320343017578,,161.69500732421875
2026-07-06 02:22:00+01:00,1.1435105800628662,9.833450317382812,9.646419525146484,,161.71499633789062
2026-07-06 02:23:00+01:00,1.1435105800628662,9.833849906921387,9.646820068359375,,161.7270050048828
2026-07-06 02:24:00+01:00,1.1436413526535034,9.833149909973145,9.646309852600098,,161.70899963378906
2026-07-06 02:25:00+01:00,1.1436413526535034,9.833250045776367,9.64480972290039,,161.7239990234375
2026-07-06 02:26:00+01:00,1.1435105800628662,9.834750175476074,9.648859977722168,,161.7550048828125
2026-07-06 02:27:00+01:00,1.1435105800628662,9.834150314331055,9.648750305175781,,161.7519989013672
2026-07-06 02:28:00+01:00,1.1435105800628662,9.834650039672852,9.648189544677734,,161.74400329589844
2026-07-06 02:29:00+01:00,1.1435105800628662,9.836250305175781,9.648249626159668,,161.7740020751953
2026-07-06 02:30:00+01:00,1.143379807472229,9.837149620056152,9.648819923400879,,161.74600219726562
2026-07-06 02:31:00+01:00,1.1435105800628662,9.835029602050781,9.64723014831543,6.7845001220703125,161.7010040283203
2026-07-06 02:32:00+01:00,1.1436413526535034,9.834830284118652,9.645609855651855,6.77239990234375,161.72000122070312
2026-07-06 02:33:00+01:00,1.1436413526535034,9.835140228271484,9.647489547729492,6.7829999923706055,161.72799682617188
2026-07-06 02:34:00+01:00,1.1435105800628662,9.835949897766113,9.648119926452637,6.7829999923706055,161.73899841308594
2026-07-06 02:35:00+01:00,1.1435105800628662,9.83745002746582,9.647769927978516,6.784200191497803,161.73500061035156
2026-07-06 02:36:00+01:00,1.1435105800628662,9.837149620056152,9.647430419921875,6.784200191497803,161.7169952392578
2026-07-06 02:37:00+01:00,1.1437721252441406,9.834799766540527,9.645879745483398,6.784299850463867,161.69700622558594
2026-07-06 02:38:00+01:00,1.1437721252441406,9.835000038146973,9.645520210266113,6.78380012512207,161.7100067138672
2026-07-06 02:39:00+01:00,1.1437721252441406,9.834650039672852,9.645560264587402,6.784200191497803,161.70799255371094
2026-07-06 02:40:00+01:00,1.1437721252441406,9.835149765014648,9.64585018157959,6.783999919891357,161.71600341796875
2026-07-06 02:41:00+01:00,1.1437721252441406,9.834739685058594,9.645919799804688,6.783899784088135,161.70899963378906
2026-07-06 02:42:00+01:00,1.1437721252441406,9.833749771118164,9.646309852600098,6.78439998626709,161.7100067138672
2026-07-06 02:43:00+01:00,1.1436413526535034,9.834150314331055,9.646400451660156,6.7846999168396,161.71099853515625
2026-07-06 02:44:00+01:00,1.1437721252441406,9.8329496383667,9.646280288696289,6.785200119018555,161.6999969482422
2026-07-06 02:45:00+01:00,1.1436413526535034,9.833939552307129,9.64696979522705,6.784999847412109,161.71400451660156
2026-07-06 02:46:00+01:00,1.1436413526535034,9.834349632263184,9.647109985351562,6.785099983215332,161.71499633789062
2026-07-06 02:47:00+01:00,1.1436413526535034,9.833450317382812,9.64640998840332,6.784299850463867,161.6999969482422
2026-07-06 02:48:00+01:00,1.1436413526535034,9.834150314331055,9.64661979675293,6.784299850463867,161.7239990234375
2026-07-06 02:49:00+01:00,1.1436413526535034,9.835949897766113,9.648630142211914,6.784299850463867,161.74899291992188
2026-07-06 02:50:00+01:00,1.143379807472229,9.83644962310791,9.648670196533203,6.784900188446045,161.7469940185547
2026-07-06 02:51:00+01:00,1.143379807472229,9.835709571838379,9.65011978149414,6.784599781036377,161.76199340820312
2026-07-06 02:52:00+01:00,1.143379807472229,9.836050033569336,9.650739669799805,6.773200035095215,161.77099609375
2026-07-06 02:53:00+01:00,1.1435105800628662,9.836170196533203,9.651020050048828,6.78439998626709,161.7530059814453
2026-07-06 02:54:00+01:00,1.143379807472229,9.836050033569336,9.650910377502441,6.78439998626709,161.76100158691406
2026-07-06 02:55:00+01:00,1.143379807472229,9.835550308227539,9.651269912719727,6.784200191497803,161.78399658203125
2026-07-06 02:56:00+01:00,1.143379807472229,9.835260391235352,9.65114974975586,6.784200191497803,161.7760009765625
2026-07-06 02:57:00+01:00,1.143379807472229,9.836350440979004,9.652239799499512,6.784900188446045,161.78700256347656
2026-07-06 02:58:00+01:00,1.1432491540908813,9.836870193481445,9.65272045135498,6.785399913787842,161.8000030517578
2026-07-06 02:59:00+01:00,1.1432491540908813,9.837249755859375,9.65308952331543,6.7855000495910645,161.8040008544922
2026-07-06 03:00:00+01:00,1.1432491540908813,9.836050033569336,9.651689529418945,6.774199962615967,161.7989959716797
2026-07-06 03:01:00+01:00,1.1432491540908813,9.835949897766113,9.651740074157715,6.785600185394287,161.802001953125
2026-07-06 03:02:00+01:00,1.1432491540908813,9.83489990234375,9.651519775390625,6.785799980163574,161.7760009765625
2026-07-06 03:03:00+01:00,1.1432491540908813,9.83395004272461,9.650540351867676,6.785699844360352,161.78900146484375
2026-07-06 03:04:00+01:00,1.143379807472229,9.834150314331055,9.650540351867676,6.785799980163574,161.79600524902344
2026-07-06 03:05:00+01:00,1.1431183815002441,9.836050033569336,9.65110969543457,6.786200046539307,161.78700256347656
2026-07-06 03:06:00+01:00,1.1432491540908813,9.835249900817871,9.652729988098145,6.786300182342529,161.80299377441406
2026-07-06 03:07:00+01:00,1.1431183815002441,9.835049629211426,9.653160095214844,6.786300182342529,161.81700134277344
2026-07-06 03:08:00+01:00,1.1432491540908813,9.832869529724121,9.652090072631836,6.785999774932861,161.81199645996094
2026-07-06 03:09:00+01:00,1.1432491540908813,9.833620071411133,9.652250289916992,6.786200046539307,161.8280029296875
2026-07-06 03:10:00+01:00,1.1432491540908813,9.834449768066406,9.65172004699707,6.786200046539307,161.8300018310547
2026-07-06 03:11:00+01:00,1.1432491540908813,9.833849906921387,9.651639938354492,6.786099910736084,161.83799743652344
2026-07-06 03:12:00+01:00,1.1432491540908813,9.834549903869629,9.652179718017578,6.774899959564209,161.8419952392578
2026-07-06 03:13:00+01:00,1.1432491540908813,9.83473014831543,9.651570320129395,6.786200046539307,161.82899475097656
2026-07-06 03:14:00+01:00,1.143379807472229,9.834810256958008,9.652009963989258,6.786200046539307,161.82400512695312
2026-07-06 03:15:00+01:00,1.1432491540908813,9.83368968963623,9.651829719543457,6.786200046539307,161.81900024414062
2026-07-06 03:16:00+01:00,1.1432491540908813,9.833450317382812,9.652259826660156,6.775100231170654,161.8280029296875
2026-07-06 03:17:00+01:00,1.1432491540908813,9.832940101623535,9.652070045471191,6.786300182342529,161.8040008544922
2026-07-06 03:18:00+01:00,1.1432491540908813,9.833149909973145,9.650110244750977,6.786300182342529,161.78900146484375
2026-07-06 03:19:00+01:00,1.143379807472229,9.832579612731934,9.651639938354492,6.786099910736084,161.79800415039062
2026-07-06 03:20:00+01:00,1.143379807472229,9.83180046081543,9.650830268859863,6.775100231170654,161.78199768066406
2026-07-06 03:21:00+01:00,1.143379807472229,9.831649780273438,9.651260375976562,6.785799980163574,161.7949981689453
2026-07-06 03:22:00+01:00,1.143379807472229,9.831850051879883,9.651309967041016,6.785600185394287,161.79800415039062
2026-07-06 03:23:00+01:00,1.143379807472229,9.83213996887207,9.651860237121582,6.785999774932861,161.79600524902344
2026-07-06 03:24:00+01:00,1.1432491540908813,9.832599639892578,9.652199745178223,6.775000095367432,161.80099487304688
2026-07-06 03:25:00+01:00,1.143379807472229,9.832050323486328,9.652270317077637,6.786099910736084,161.79299926757812
2026-07-06 03:26:00+01:00,1.1432491540908813,9.83257007598877,9.65310001373291,6.786499977111816,161.7969970703125
2026-07-06 03:27:00+01:00,1.1432491540908813,9.833109855651855,9.653010368347168,6.786499977111816,161.802001953125
2026-07-06 03:28:00+01:00,1.143379807472229,9.833250045776367,9.652819633483887,6.7870001792907715,161.79600524902344
2026-07-06 03:29:00+01:00,1.1432491540908813,9.833880424499512,9.653109550476074,6.7870001792907715,161.7899932861328
2026-07-06 03:30:00+01:00,1.1432491540908813,9.833550453186035,9.653300285339355,6.7870001792907715,161.8040008544922
2026-07-06 03:31:00+01:00,1.1432491540908813,9.834549903869629,9.653079986572266,6.786900043487549,161.7989959716797
2026-07-06 03:32:00+01:00,1.1432491540908813,9.834349632263184,9.653909683227539,6.7870001792907715,161.79600524902344
2026-07-06 03:33:00+01:00,1.143379807472229,9.834549903869629,9.653690338134766,6.7870001792907715,161.79200744628906
2026-07-06 03:34:00+01:00,1.143379807472229,9.835860252380371,9.653440475463867,6.787099838256836,161.79200744628906
2026-07-06 03:35:00+01:00,1.143379807472229,9.836150169372559,9.6537504196167,6.786900043487549,161.81500244140625
2026-07-06 03:36:00+01:00,1.1432491540908813,9.836050033569336,9.655449867248535,6.787399768829346,161.80299377441406
2026-07-06 03:37:00+01:00,1.1432491540908813,9.835949897766113,9.655360221862793,6.787199974060059,161.80799865722656
2026-07-06 03:38:00+01:00,1.1432491540908813,9.835949897766113,9.65487003326416,6.787300109863281,161.802001953125
2026-07-06 03:39:00+01:00,1.143379807472229,9.835650444030762,9.6556396484375,6.787399768829346,161.79400634765625
2026-07-06 03:40:00+01:00,1.1432491540908813,9.836950302124023,9.655509948730469,6.776299953460693,161.79600524902344
2026-07-06 03:41:00+01:00,1.1432491540908813,9.834500312805176,9.653969764709473,6.787399768829346,161.79800415039062
2026-07-06 03:42:00+01:00,1.1432491540908813,9.834859848022461,9.65369987487793,6.7870001792907715,161.7969970703125
2026-07-06 03:43:00+01:00,1.1432491540908813,9.83495044708252,9.653209686279297,6.786600112915039,161.802001953125
2026-07-06 03:44:00+01:00,1.143379807472229,9.83607006072998,9.653900146484375,6.786300182342529,161.8000030517578
2026-07-06 03:45:00+01:00,1.143379807472229,9.835650444030762,9.652520179748535,6.786099910736084,161.7899932861328
2026-07-06 03:46:00+01:00,1.143379807472229,9.834600448608398,9.652469635009766,6.786099910736084,161.79400634765625
2026-07-06 03:47:00+01:00,1.1435105800628662,9.834850311279297,9.653109550476074,6.786099910736084,161.78799438476562
2026-07-06 03:48:00+01:00,1.143379807472229,9.835749626159668,9.652569770812988,6.786099910736084,161.78799438476562
2026-07-06 03:49:00+01:00,1.143379807472229,9.83584976196289,9.652210235595703,6.786200046539307,161.77699279785156
2026-07-06 03:50:00+01:00,1.143379807472229,9.836000442504883,9.653059959411621,6.786200046539307,161.7899932861328
2026-07-06 03:51:00+01:00,1.1435105800628662,9.835749626159668,9.651140213012695,6.786200046539307,161.7830047607422
2026-07-06 03:52:00+01:00,1.1436413526535034,9.835650444030762,9.650219917297363,6.786099910736084,161.7830047607422
2026-07-06 03:53:00+01:00,1.1436413526535034,9.834670066833496,9.649880409240723,6.786099910736084,161.75
2026-07-06 03:54:00+01:00,1.1436413526535034,9.835359573364258,9.65060043334961,6.786099910736084,161.75900268554688
2026-07-06 03:55:00+01:00,1.1436413526535034,9.835550308227539,9.649160385131836,6.786200046539307,161.76100158691406
2026-07-06 03:56:00+01:00,1.1436413526535034,9.835550308227539,9.650270462036133,6.786200046539307,161.76800537109375
2026-07-06 03:57:00+01:00,1.1437721252441406,9.834250450134277,9.647170066833496,6.786099910736084,161.75399780273438
2026-07-06 03:58:00+01:00,1.1437721252441406,9.83335018157959,9.646750450134277,6.786099910736084,161.7550048828125
2026-07-06 03:59:00+01:00,1.1437721252441406,9.834449768066406,9.648509979248047,6.786099910736084,161.76800537109375
2026-07-06 04:00:00+01:00,1.1437721252441406,9.834150314331055,9.646920204162598,6.786300182342529,161.76800537109375
2026-07-06 04:01:00+01:00,1.1437721252441406,9.832650184631348,9.646149635314941,6.786300182342529,161.76699829101562
2026-07-06 04:02:00+01:00,1.1437721252441406,9.8329496383667,9.646039962768555,6.786200046539307,161.77000427246094
2026-07-06 04:03:00+01:00,1.1437721252441406,9.833450317382812,9.64640998840332,6.786099910736084,161.76699829101562
2026-07-06 04:04:00+01:00,1.1439030170440674,9.834449768066406,9.646730422973633,6.774899959564209,161.77200317382812
2026-07-06 04:05:00+01:00,1.1437721252441406,9.832260131835938,9.646820068359375,6.786099910736084,161.7689971923828
2026-07-06 04:06:00+01:00,1.1437721252441406,9.833049774169922,9.647319793701172,6.786099910736084,161.76100158691406
2026-07-06 04:07:00+01:00,1.1437721252441406,9.832850456237793,9.647509574890137,6.786099910736084,161.76699829101562
2026-07-06 04:08:00+01:00,1.1437721252441406,9.833149909973145,9.647990226745605,6.785799980163574,161.76600646972656
2026-07-06 04:09:00+01:00,1.1437721252441406,9.833550453186035,9.647839546203613,6.786200046539307,161.76400756835938
2026-07-06 04:10:00+01:00,1.1437721252441406,9.83395004272461,9.648659706115723,6.786499977111816,161.7830047607422
2026-07-06 04:11:00+01:00,1.1437721252441406,9.83368968963623,9.647120475769043,6.786499977111816,161.76800537109375
2026-07-06 04:12:00+01:00,1.1437721252441406,9.834150314331055,9.649009704589844,6.786600112915039,161.8000030517578
2026-07-06 04:13:00+01:00,1.1436413526535034,9.835149765014648,9.648909568786621,6.786900043487549,161.7790069580078
2026-07-06 04:14:00+01:00,1.1436413526535034,9.83584976196289,9.648920059204102,6.7870001792907715,161.79200744628906
2026-07-06 04:15:00+01:00,1.1436413526535034,9.8368501663208,9.65075969696045,6.7870001792907715,161.8040008544922
2026-07-06 04:16:00+01:00,1.1436413526535034,9.836150169372559,9.649709701538086,6.786900043487549,161.80799865722656
2026-07-06 04:17:00+01:00,1.1436413526535034,9.837550163269043,9.649330139160156,6.786900043487549,161.8040008544922
2026-07-06 04:18:00+01:00,1.1436413526535034,9.839380264282227,9.649609565734863,6.787199974060059,161.80099487304688
2026-07-06 04:19:00+01:00,1.1436413526535034,9.838689804077148,9.650489807128906,6.787700176239014,161.8070068359375
2026-07-06 04:20:00+01:00,1.1436413526535034,9.839449882507324,9.65073013305664,6.776199817657471,161.79600524902344
2026-07-06 04:21:00+01:00,1.1436413526535034,9.83965015411377,9.650910377502441,6.7881999015808105,161.79600524902344
2026-07-06 04:22:00+01:00,1.1435105800628662,9.841750144958496,9.651269912719727,6.788400173187256,161.79600524902344
2026-07-06 04:23:00+01:00,1.1435105800628662,9.84375,9.654740333557129,6.789100170135498,161.80499267578125
2026-07-06 04:24:00+01:00,1.143379807472229,9.843379974365234,9.654410362243652,6.788700103759766,161.8159942626953
2026-07-06 04:25:00+01:00,1.143379807472229,9.842849731445312,9.654410362243652,6.788899898529053,161.8070068359375
2026-07-06 04:26:00+01:00,1.1432491540908813,9.843489646911621,9.655500411987305,6.788599967956543,161.8070068359375
2026-07-06 04:27:00+01:00,1.1432491540908813,9.84214973449707,9.654609680175781,6.788700103759766,161.8090057373047
2026-07-06 04:28:00+01:00,1.143379807472229,9.842849731445312,9.654879570007324,6.788700103759766,161.81500244140625
2026-07-06 04:29:00+01:00,1.1432491540908813,9.843549728393555,9.655320167541504,6.788700103759766,161.82000732421875
2026-07-06 04:30:00+01:00,1.1432491540908813,9.842000007629395,9.655920028686523,6.788700103759766,161.82400512695312
2026-07-06 04:31:00+01:00,1.1431183815002441,9.84274959564209,9.655710220336914,6.788700103759766,161.822998046875
2026-07-06 04:32:00+01:00,1.1432491540908813,9.842169761657715,9.656259536743164,6.788700103759766,161.81900024414062
2026-07-06 04:33:00+01:00,1.1432491540908813,9.840950012207031,9.655619621276855,6.788700103759766,161.8249969482422
2026-07-06 04:34:00+01:00,1.1431183815002441,9.840950012207031,9.6558198928833,6.788700103759766,161.8249969482422
2026-07-06 04:35:00+01:00,1.1432491540908813,9.839150428771973,9.653510093688965,6.78849983215332,161.79299926757812
2026-07-06 04:36:00+01:00,1.1432491540908813,9.839349746704102,9.654239654541016,6.788400173187256,161.80599975585938
2026-07-06 04:37:00+01:00,1.1432491540908813,9.839879989624023,9.654740333557129,6.788400173187256,161.80799865722656
2026-07-06 04:38:00+01:00,1.1432491540908813,9.839550018310547,9.65449047088623,6.788400173187256,161.80599975585938
2026-07-06 04:39:00+01:00,1.1432491540908813,9.839150428771973,9.654159545898438,6.788400173187256,161.79200744628906
2026-07-06 04:40:00+01:00,1.1432491540908813,9.838950157165527,9.65408992767334,6.777400016784668,161.80099487304688
2026-07-06 04:41:00+01:00,1.1432491540908813,9.83905029296875,9.653590202331543,6.788400173187256,161.80499267578125
2026-07-06 04:42:00+01:00,1.143379807472229,9.838250160217285,9.653650283813477,6.788400173187256,161.79400634765625
2026-07-06 04:43:00+01:00,1.143379807472229,9.83905029296875,9.654179573059082,6.788400173187256,161.7989959716797
2026-07-06 04:44:00+01:00,1.143379807472229,9.838069915771484,9.653380393981934,6.788400173187256,161.7899932861328
2026-07-06 04:45:00+01:00,1.1435105800628662,9.837650299072266,9.652689933776855,6.788400173187256,161.79299926757812
2026-07-06 04:46:00+01:00,1.1435105800628662,9.838150024414062,9.65170955657959,6.7881999015808105,161.79400634765625
2026-07-06 04:47:00+01:00,1.1435105800628662,9.837510108947754,9.651510238647461,6.7881999015808105,161.802001953125
2026-07-06 04:48:00+01:00,1.1435105800628662,9.838150024414062,9.65287971496582,6.7881999015808105,161.8070068359375
2026-07-06 04:49:00+01:00,1.143379807472229,9.83864974975586,9.653590202331543,6.7881999015808105,161.8090057373047
2026-07-06 04:50:00+01:00,1.143379807472229,9.83864974975586,9.653610229492188,6.788300037384033,161.8040008544922
2026-07-06 04:51:00+01:00,1.143379807472229,9.83864974975586,9.653120040893555,6.788300037384033,161.8090057373047
2026-07-06 04:52:00+01:00,1.1432491540908813,9.839349746704102,9.654009819030762,6.777100086212158,161.81100463867188
2026-07-06 04:53:00+01:00,1.143379807472229,9.838850021362305,9.653570175170898,6.787799835205078,161.81100463867188
2026-07-06 04:54:00+01:00,1.143379807472229,9.839079856872559,9.653590202331543,6.787799835205078,161.8179931640625
2026-07-06 04:55:00+01:00,1.143379807472229,9.838069915771484,9.653619766235352,6.787799835205078,161.82400512695312
2026-07-06 04:56:00+01:00,1.143379807472229,9.837160110473633,9.653289794921875,6.787799835205078,161.82699584960938
2026-07-06 04:57:00+01:00,1.1435105800628662,9.837019920349121,9.65272045135498,6.787799835205078,161.8280029296875
2026-07-06 04:58:00+01:00,1.1435105800628662,9.837389945983887,9.653289794921875,6.787799835205078,161.8470001220703
2026-07-06 04:59:00+01:00,1.1435105800628662,9.835949897766113,9.651610374450684,6.787799835205078,161.83200073242188
2026-07-06 05:00:00+01:00,1.1435105800628662,9.835009574890137,9.651309967041016,6.787799835205078,161.8280029296875
2026-07-06 05:01:00+01:00,1.1436413526535034,9.835249900817871,9.65112018585205,6.787799835205078,161.83299255371094
2026-07-06 05:02:00+01:00,1.1435105800628662,9.835000038146973,9.652199745178223,6.787799835205078,161.83399963378906
2026-07-06 05:03:00+01:00,1.1435105800628662,9.834580421447754,9.651260375976562,6.787799835205078,161.83900451660156
2026-07-06 05:04:00+01:00,1.1436413526535034,9.833880424499512,9.650320053100586,6.787899971008301,161.85000610351562
2026-07-06 05:05:00+01:00,1.1436413526535034,9.83395004272461,9.650750160217285,6.787799835205078,161.8419952392578
2026-07-06 05:06:00+01:00,1.1435105800628662,9.834090232849121,9.650970458984375,6.787799835205078,161.8179931640625
2026-07-06 05:07:00+01:00,1.1435105800628662,9.832770347595215,9.6497802734375,6.787799835205078,161.8280029296875
2026-07-06 05:08:00+01:00,1.1435105800628662,9.83275032043457,9.649869918823242,6.787799835205078,161.8249969482422
2026-07-06 05:09:00+01:00,1.1435105800628662,9.834150314331055,9.65095043182373,6.787799835205078,161.8280029296875
2026-07-06 05:10:00+01:00,1.1436413526535034,9.832830429077148,9.649889945983887,6.787799835205078,161.82000732421875
2026-07-06 05:11:00+01:00,1.1436413526535034,9.83318042755127,9.649720191955566,6.787799835205078,161.81199645996094
2026-07-06 05:12:00+01:00,1.1436413526535034,9.832369804382324,9.648750305175781,6.787700176239014,161.80799865722656
2026-07-06 05:13:00+01:00,1.1437721252441406,9.832650184631348,9.649029731750488,6.787700176239014,161.81700134277344
2026-07-06 05:14:00+01:00,1.1436413526535034,9.833660125732422,9.649609565734863,6.787700176239014,161.8179931640625
2026-07-06 05:15:00+01:00,1.1436413526535034,9.833580017089844,9.649209976196289,6.787700176239014,161.81700134277344
2026-07-06 05:16:00+01:00,1.1437721252441406,9.833149909973145,9.649749755859375,6.787700176239014,161.80999755859375
2026-07-06 05:17:00+01:00,1.1436413526535034,9.834349632263184,9.650739669799805,6.787700176239014,161.82200622558594
2026-07-06 05:18:00+01:00,1.1436413526535034,9.833250045776367,9.649740219116211,6.787700176239014,161.81900024414062
2026-07-06 05:19:00+01:00,1.1436413526535034,9.833510398864746,9.650219917297363,6.787700176239014,161.8280029296875
2026-07-06 05:20:00+01:00,1.1436413526535034,9.833450317382812,9.65034008026123,6.776500225067139,161.83799743652344
2026-07-06 05:21:00+01:00,1.1436413526535034,9.833849906921387,9.650440216064453,6.787399768829346,161.83599853515625
2026-07-06 05:22:00+01:00,1.1436413526535034,9.834449768066406,9.650639533996582,6.787399768829346,161.82899475097656
2026-07-06 05:23:00+01:00,1.1436413526535034,9.832819938659668,9.64822006225586,6.787399768829346,161.8300018310547
2026-07-06 05:24:00+01:00,1.1436413526535034,9.832650184631348,9.647919654846191,6.776299953460693,161.83099365234375
2026-07-06 05:25:00+01:00,1.1436413526535034,9.832550048828125,9.648030281066895,6.787399768829346,161.83299255371094
2026-07-06 05:26:00+01:00,1.1436413526535034,9.832550048828125,9.64762020111084,6.787399768829346,161.84300231933594
2026-07-06 05:27:00+01:00,1.1435105800628662,9.83092975616455,9.647859573364258,6.787199974060059,161.8350067138672
2026-07-06 05:28:00+01:00,1.1435105800628662,9.831049919128418,9.647780418395996,6.787199974060059,161.84300231933594
2026-07-06 05:29:00+01:00,1.1436413526535034,9.831330299377441,9.648139953613281,6.787199974060059,161.85000610351562
2026-07-06 05:30:00+01:00,1.1435105800628662,9.831649780273438,9.647749900817871,6.787199974060059,161.85000610351562
2026-07-06 05:31:00+01:00,1.1436413526535034,9.831089973449707,9.646639823913574,6.787199974060059,161.83299255371094
2026-07-06 05:32:00+01:00,1.1436413526535034,9.83014965057373,9.6458101272583,6.787199974060059,161.83399963378906
2026-07-06 05:33:00+01:00,1.1436413526535034,9.830349922180176,9.646169662475586,6.787199974060059,161.83399963378906
2026-07-06 05:34:00+01:00,1.1436413526535034,9.830849647521973,9.647700309753418,6.787199974060059,161.83900451660156
2026-07-06 05:35:00+01:00,1.1435105800628662,9.831060409545898,9.646909713745117,6.787199974060059,161.83900451660156
2026-07-06 05:36:00+01:00,1.1436413526535034,9.830750465393066,9.64717960357666,6.787199974060059,161.84300231933594
2026-07-06 05:37:00+01:00,1.1435105800628662,9.830050468444824,9.64721965789795,6.787199974060059,161.843994140625
2026-07-06 05:38:00+01:00,1.1435105800628662,9.830349922180176,9.646980285644531,6.787199974060059,161.86300659179688
2026-07-06 05:39:00+01:00,1.1435105800628662,9.830459594726562,9.646949768066406,6.787199974060059,161.86700439453125
2026-07-06 05:40:00+01:00,1.1435105800628662,9.83115005493164,9.646869659423828,6.787399768829346,161.875
2026-07-06 05:41:00+01:00,1.1435105800628662,9.832050323486328,9.647330284118652,6.787399768829346,161.88400268554688
2026-07-06 05:42:00+01:00,1.1435105800628662,9.831649780273438,9.646610260009766,6.787399768829346,161.88600158691406
2026-07-06 05:43:00+01:00,1.1436413526535034,9.831609725952148,9.647130012512207,6.787399768829346,161.91900634765625
2026-07-06 05:44:00+01:00,1.1436413526535034,9.830599784851074,9.646530151367188,6.787399768829346,161.9080047607422
2026-07-06 05:45:00+01:00,1.1436413526535034,9.83115005493164,9.646320343017578,6.787399768829346,161.927001953125
2026-07-06 05:46:00+01:00,1.1436413526535034,9.831649780273438,9.646900177001953,6.787399768829346,161.9340057373047
2026-07-06 05:47:00+01:00,1.1435105800628662,9.831549644470215,9.646989822387695,6.787399768829346,161.9219970703125
2026-07-06 05:48:00+01:00,1.1436413526535034,9.830320358276367,9.646109580993652,6.787399768829346,161.93499755859375
2026-07-06 05:49:00+01:00,1.1436413526535034,9.830320358276367,9.646039962768555,6.787399768829346,161.91700744628906
2026-07-06 05:50:00+01:00,1.1437721252441406,9.829870223999023,9.646080017089844,6.787399768829346,161.91799926757812
2026-07-06 05:51:00+01:00,1.1436413526535034,9.83115005493164,9.646929740905762,6.787399768829346,161.9239959716797
2026-07-06 05:52:00+01:00,1.1435105800628662,9.830829620361328,9.646309852600098,6.787399768829346,161.927001953125
2026-07-06 05:53:00+01:00,1.1435105800628662,9.831049919128418,9.647069931030273,6.787399768829346,161.92300415039062
2026-07-06 05:54:00+01:00,1.1436413526535034,9.830349922180176,9.646389961242676,6.787399768829346,161.9219970703125
2026-07-06 05:55:00+01:00,1.1436413526535034,9.830670356750488,9.646639823913574,6.787399768829346,161.91600036621094
2026-07-06 05:56:00+01:00,1.1436413526535034,9.830080032348633,9.645870208740234,6.787399768829346,161.9199981689453
2026-07-06 05:57:00+01:00,1.1436413526535034,9.830679893493652,9.646639823913574,6.787399768829346,161.9219970703125
2026-07-06 05:58:00+01:00,1.1436413526535034,9.830450057983398,9.647210121154785,6.787399768829346,161.92300415039062
2026-07-06 05:59:00+01:00,1.1436413526535034,9.831350326538086,9.646710395812988,6.787399768829346,161.9340057373047
2026-07-06 06:00:00+01:00,1.1435105800628662,9.82960033416748,9.648599624633789,6.787399768829346,161.9239959716797
2026-07-06 06:01:00+01:00,1.1435105800628662,9.83014965057373,9.648980140686035,6.787399768829346,161.9239959716797
2026-07-06 06:02:00+01:00,1.1435105800628662,9.829919815063477,9.648819923400879,6.787399768829346,161.9239959716797
2026-07-06 06:03:00+01:00,1.143379807472229,9.831210136413574,9.650910377502441,6.787399768829346,161.94000244140625
2026-07-06 06:04:00+01:00,1.143379807472229,9.830960273742676,9.651350021362305,6.787399768829346,161.93499755859375
2026-07-06 06:05:00+01:00,1.143379807472229,9.830129623413086,9.651100158691406,6.787399768829346,161.93699645996094
2026-07-06 06:06:00+01:00,1.143379807472229,9.83113956451416,9.650779724121094,6.787399768829346,161.94900512695312
2026-07-06 06:07:00+01:00,1.1432491540908813,9.831450462341309,9.651399612426758,6.787399768829346,161.9600067138672
2026-07-06 06:08:00+01:00,1.1432491540908813,9.832850456237793,9.652549743652344,6.776400089263916,161.98800659179688
2026-07-06 06:09:00+01:00,1.1432491540908813,9.83395004272461,9.652409553527832,6.787600040435791,161.97000122070312
2026-07-06 06:10:00+01:00,1.1432491540908813,9.83390998840332,9.652009963989258,6.787600040435791,161.9810028076172
2026-07-06 06:11:00+01:00,1.1432491540908813,9.83234977722168,9.651530265808105,6.787399768829346,161.9239959716797
2026-07-06 06:12:00+01:00,1.143379807472229,9.831549644470215,9.650899887084961,6.776400089263916,161.91900634765625
2026-07-06 06:13:00+01:00,1.143379807472229,9.83176040649414,9.650710105895996,6.787499904632568,161.9290008544922
2026-07-06 06:14:00+01:00,1.143379807472229,9.832229614257812,9.651140213012695,6.787499904632568,161.93499755859375
2026-07-06 06:15:00+01:00,1.1432491540908813,9.83174991607666,9.650790214538574,6.787499904632568,161.947998046875
2026-07-06 06:16:00+01:00,1.1432491540908813,9.831549644470215,9.651229858398438,6.787499904632568,161.9550018310547
2026-07-06 06:17:00+01:00,1.1432491540908813,9.832409858703613,9.651399612426758,6.787499904632568,161.9499969482422
2026-07-06 06:18:00+01:00,1.1432491540908813,9.833149909973145,9.652549743652344,6.787499904632568,161.95199584960938
2026-07-06 06:19:00+01:00,1.1432491540908813,9.833250045776367,9.65176010131836,6.787499904632568,161.95899963378906
2026-07-06 06:20:00+01:00,1.1432491540908813,9.832550048828125,9.651410102844238,6.776400089263916,161.94400024414062
2026-07-06 06:21:00+01:00,1.1432491540908813,9.833849906921387,9.653690338134766,6.787499904632568,161.94500732421875
2026-07-06 06:22:00+01:00,1.1432491540908813,9.834500312805176,9.65293025970459,6.787499904632568,161.94500732421875
2026-07-06 06:23:00+01:00,1.1431183815002441,9.83528995513916,9.651949882507324,6.787399768829346,161.947998046875
2026-07-06 06:24:00+01:00,1.1431183815002441,9.83411979675293,9.653019905090332,6.787199974060059,161.95599365234375
2026-07-06 06:25:00+01:00,1.1431183815002441,9.833990097045898,9.652050018310547,6.7870001792907715,161.96600341796875
2026-07-06 06:26:00+01:00,1.1431183815002441,9.83471965789795,9.652649879455566,6.786799907684326,161.96099853515625
2026-07-06 06:27:00+01:00,1.1431183815002441,9.834320068359375,9.652669906616211,6.786900043487549,161.95700073242188
2026-07-06 06:28:00+01:00,1.1432491540908813,9.832980155944824,9.651969909667969,6.775700092315674,161.94900512695312
2026-07-06 06:29:00+01:00,1.1432491540908813,9.833049774169922,9.652079582214355,6.786900043487549,161.9499969482422
2026-07-06 06:30:00+01:00,1.1432491540908813,9.833450317382812,9.65198040008545,6.787199974060059,161.9550018310547
2026-07-06 06:31:00+01:00,1.1432491540908813,9.833000183105469,9.652199745178223,6.787199974060059,161.94700622558594
2026-07-06 06:32:00+01:00,1.143379807472229,9.831279754638672,9.650349617004395,6.786900043487549,161.94700622558594
2026-07-06 06:33:00+01:00,1.143379807472229,9.829970359802246,9.648799896240234,6.786799907684326,161.93299865722656
2026-07-06 06:34:00+01:00,1.1435105800628662,9.831239700317383,9.649410247802734,6.786499977111816,161.9499969482422
2026-07-06 06:35:00+01:00,1.1435105800628662,9.831620216369629,9.64957046508789,6.786499977111816,161.93499755859375
2026-07-06 06:36:00+01:00,1.1435105800628662,9.831439971923828,9.649490356445312,6.786499977111816,161.94500732421875
2026-07-06 06:37:00+01:00,1.1435105800628662,9.830900192260742,9.648090362548828,6.786499977111816,161.93699645996094
2026-07-06 06:38:00+01:00,1.1435105800628662,9.830949783325195,9.6489896774292,6.786900043487549,161.9409942626953
2026-07-06 06:39:00+01:00,1.1435105800628662,9.831649780273438,9.649809837341309,6.786900043487549,161.94500732421875
2026-07-06 06:40:00+01:00,1.1435105800628662,9.830949783325195,9.649580001831055,6.786799907684326,161.93600463867188
2026-07-06 06:41:00+01:00,1.143379807472229,9.831270217895508,9.649649620056152,6.786799907684326,161.94500732421875
2026-07-06 06:42:00+01:00,1.143379807472229,9.83174991607666,9.650139808654785,6.786900043487549,161.93499755859375
2026-07-06 06:43:00+01:00,1.143379807472229,9.83218002319336,9.650139808654785,6.786900043487549,161.93499755859375
2026-07-06 06:44:00+01:00,1.1432491540908813,9.832159996032715,9.65056037902832,6.786900043487549,161.94700622558594
2026-07-06 06:45:00+01:00,1.1432491540908813,9.83141040802002,9.649920463562012,6.787099838256836,161.9510040283203
2026-07-06 06:46:00+01:00,1.143379807472229,9.830989837646484,9.648969650268555,6.787099838256836,161.94700622558594
2026-07-06 06:47:00+01:00,1.143379807472229,9.831660270690918,9.649419784545898,6.787099838256836,161.947998046875
2026-07-06 06:48:00+01:00,1.1435105800628662,9.831609725952148,9.649740219116211,6.775899887084961,161.94400024414062
2026-07-06 06:49:00+01:00,1.1435105800628662,9.831990242004395,9.649849891662598,6.787099838256836,161.97500610351562
2026-07-06 06:50:00+01:00,1.143379807472229,9.831339836120605,9.65032958984375,6.786799907684326,161.97999572753906
2026-07-06 06:51:00+01:00,1.1432491540908813,9.831780433654785,9.650250434875488,6.786799907684326,161.98399353027344
2026-07-06 06:52:00+01:00,1.1432491540908813,9.831270217895508,9.650199890136719,6.776000022888184,161.99200439453125
2026-07-06 06:53:00+01:00,1.1432491540908813,9.831839561462402,9.650050163269043,6.786600112915039,161.9759979248047
2026-07-06 06:54:00+01:00,1.143379807472229,9.831549644470215,9.651060104370117,6.7866997718811035,161.9720001220703
2026-07-06 06:55:00+01:00,1.1432491540908813,9.83335018157959,9.652899742126465,6.786600112915039,162.0279998779297
2026-07-06 06:56:00+01:00,1.1432491540908813,9.832969665527344,9.652950286865234,6.7754998207092285,162.0240020751953
2026-07-06 06:57:00+01:00,1.1431183815002441,9.833009719848633,9.654159545898438,6.787099838256836,162.02499389648438
2026-07-06 06:58:00+01:00,1.1427265405654907,9.836150169372559,9.657649993896484,6.787199974060059,162.08200073242188
2026-07-06 06:59:00+01:00,1.1427265405654907,9.83411979675293,9.657970428466797,6.787300109863281,162.07200622558594
2026-07-06 07:00:00+01:00,1.142987847328186,9.832579612731934,9.651100158691406,6.787399768829346,162.04600524902344
2026-07-06 07:01:00+01:00,1.142987847328186,9.83234977722168,9.652520179748535,6.787499904632568,162.03799438476562
2026-07-06 07:02:00+01:00,1.1431183815002441,9.832980155944824,9.651280403137207,6.787499904632568,162.0709991455078
2026-07-06 07:03:00+01:00,1.142987847328186,9.835129737854004,9.652400016784668,6.787499904632568,162.0800018310547
2026-07-06 07:04:00+01:00,1.142987847328186,9.834309577941895,9.651280403137207,6.787600040435791,162.07899475097656
2026-07-06 07:05:00+01:00,1.142987847328186,9.834850311279297,9.652070045471191,6.787600040435791,162.14500427246094
2026-07-06 07:06:00+01:00,1.1428571939468384,9.83584976196289,9.652850151062012,6.7881999015808105,162.10000610351562
2026-07-06 07:07:00+01:00,1.142987847328186,9.833089828491211,9.652250289916992,6.7881999015808105,162.08900451660156
2026-07-06 07:08:00+01:00,1.1431183815002441,9.833049774169922,9.65110969543457,6.787700176239014,162.05299377441406
2026-07-06 07:09:00+01:00,1.1432491540908813,9.83275032043457,9.651049613952637,6.788000106811523,162.06900024414062
2026-07-06 07:10:00+01:00,1.1431183815002441,9.832550048828125,9.652050018310547,6.788000106811523,162.08399963378906
2026-07-06 07:11:00+01:00,1.142987847328186,9.83215045928955,9.651450157165527,6.787799835205078,162.0780029296875
2026-07-06 07:12:00+01:00,1.142987847328186,9.834050178527832,9.65410041809082,6.787799835205078,162.10499572753906
2026-07-06 07:13:00+01:00,1.1428571939468384,9.834150314331055,9.654040336608887,6.787899971008301,162.10400390625
2026-07-06 07:14:00+01:00,1.1428571939468384,9.834050178527832,9.653790473937988,6.787399768829346,162.1179962158203
2026-07-06 07:15:00+01:00,1.1427265405654907,9.837149620056152,9.656180381774902,6.787700176239014,162.16700744628906
2026-07-06 07:16:00+01:00,1.1427265405654907,9.836250305175781,9.656350135803223,6.776700019836426,162.18499755859375
2026-07-06 07:17:00+01:00,1.1428571939468384,9.832249641418457,9.65464973449707,6.788300037384033,162.1790008544922
2026-07-06 07:18:00+01:00,1.1427265405654907,9.829480171203613,9.655570030212402,6.788400173187256,162.20899963378906
2026-07-06 07:19:00+01:00,1.1425960063934326,9.83059024810791,9.656240463256836,6.78849983215332,162.2030029296875
2026-07-06 07:20:00+01:00,1.1425960063934326,9.833049774169922,9.655699729919434,6.777400016784668,162.14199829101562
2026-07-06 07:21:00+01:00,1.1427265405654907,9.831649780273438,9.653450012207031,6.788400173187256,162.14999389648438
2026-07-06 07:22:00+01:00,1.1428571939468384,9.83174991607666,9.65349006652832,6.788400173187256,162.13699340820312
2026-07-06 07:23:00+01:00,1.1428571939468384,9.832079887390137,9.653349876403809,6.788300037384033,162.1490020751953
2026-07-06 07:24:00+01:00,1.1428571939468384,9.831350326538086,9.652509689331055,6.788400173187256,162.15699768066406
2026-07-06 07:25:00+01:00,1.1427265405654907,9.832050323486328,9.653360366821289,6.788400173187256,162.17300415039062
2026-07-06 07:26:00+01:00,1.1427265405654907,9.833049774169922,9.653650283813477,6.7891998291015625,162.16600036621094
2026-07-06 07:27:00+01:00,1.1425960063934326,9.83275032043457,9.653550148010254,6.788899898529053,162.16799926757812
2026-07-06 07:28:00+01:00,1.1424654722213745,9.832249641418457,9.653499603271484,6.788899898529053,162.18800354003906
2026-07-06 07:29:00+01:00,1.1425960063934326,9.829449653625488,9.651949882507324,6.78879976272583,162.1719970703125
2026-07-06 07:30:00+01:00,1.1425960063934326,9.831450462341309,9.654250144958496,6.78879976272583,162.1739959716797
2026-07-06 07:31:00+01:00,1.1425960063934326,9.834250450134277,9.655750274658203,6.788899898529053,162.1999969482422
2026-07-06 07:32:00+01:00,1.1425960063934326,9.834750175476074,9.654020309448242,6.7891998291015625,162.1820068359375
2026-07-06 07:33:00+01:00,1.1427265405654907,9.833580017089844,9.65250015258789,6.789100170135498,162.12899780273438
2026-07-06 07:34:00+01:00,1.1428571939468384,9.83584976196289,9.653440475463867,6.78879976272583,162.14700317382812
2026-07-06 07:35:00+01:00,1.1427265405654907,9.835049629211426,9.653450012207031,6.788700103759766,162.13800048828125
2026-07-06 07:36:00+01:00,1.1425960063934326,9.836950302124023,9.659720420837402,6.78879976272583,162.1790008544922
2026-07-06 07:37:00+01:00,1.1424654722213745,9.834549903869629,9.65625,6.78879976272583,162.156005859375
2026-07-06 07:38:00+01:00,1.1427265405654907,9.834449768066406,9.654529571533203,6.788700103759766,162.14999389648438
2026-07-06 07:39:00+01:00,1.1427265405654907,9.834250450134277,9.654150009155273,6.788700103759766,162.1540069580078
2026-07-06 07:40:00+01:00,1.1427265405654907,9.833780288696289,9.654120445251465,6.78879976272583,162.1580047607422
2026-07-06 07:41:00+01:00,1.1428571939468384,9.834449768066406,9.65408992767334,6.78879976272583,162.16700744628906
2026-07-06 07:42:00+01:00,1.1427265405654907,9.835049629211426,9.653949737548828,6.78879976272583,162.15199279785156
2026-07-06 07:43:00+01:00,1.1427265405654907,9.83407974243164,9.654199600219727,6.78879976272583,162.14300537109375
2026-07-06 07:44:00+01:00,1.1425960063934326,9.834449768066406,9.653949737548828,6.788899898529053,162.11500549316406
2026-07-06 07:45:00+01:00,1.1427265405654907,9.834050178527832,9.652750015258789,6.788899898529053,162.11599731445312
2026-07-06 07:46:00+01:00,1.1428571939468384,9.834449768066406,9.653849601745605,6.78879976272583,162.1479949951172
2026-07-06 07:47:00+01:00,1.1427265405654907,9.834449768066406,9.654279708862305,6.789000034332275,162.12899780273438
2026-07-06 07:48:00+01:00,1.1427265405654907,9.834449768066406,9.654749870300293,6.789000034332275,162.15899658203125
2026-07-06 07:49:00+01:00,1.1427265405654907,9.834050178527832,9.65524959564209,6.7891998291015625,162.16799926757812
2026-07-06 07:50:00+01:00,1.1425960063934326,9.834449768066406,9.65587043762207,6.7891998291015625,162.1699981689453
2026-07-06 07:51:00+01:00,1.1427265405654907,9.833880424499512,9.656089782714844,6.7891998291015625,162.17599487304688
2026-07-06 07:52:00+01:00,1.1427265405654907,9.833680152893066,9.65542984008789,6.789299964904785,162.18299865722656
2026-07-06 07:53:00+01:00,1.1425960063934326,9.834449768066406,9.657320022583008,6.789400100708008,162.18800354003906
2026-07-06 07:54:00+01:00,1.1425960063934326,9.834650039672852,9.656149864196777,6.789899826049805,162.19700622558594
2026-07-06 07:55:00+01:00,1.1425960063934326,9.835450172424316,9.657150268554688,6.79040002822876,162.2100067138672
2026-07-06 07:56:00+01:00,1.1424654722213745,9.836150169372559,9.658049583435059,6.790599822998047,162.24400329589844
2026-07-06 07:57:00+01:00,1.1423349380493164,9.837050437927246,9.658550262451172,6.7906999588012695,162.25999450683594
2026-07-06 07:58:00+01:00,1.1424654722213745,9.83495044708252,9.658149719238281,6.7906999588012695,162.2949981689453
2026-07-06 07:59:00+01:00,1.1424654722213745,9.83495044708252,9.656149864196777,6.790599822998047,162.24600219726562
2026-07-06 08:00:00+01:00,1.1423349380493164,9.839750289916992,9.663949966430664,6.791200160980225,162.29299926757812
2026-07-06 08:01:00+01:00,1.1420739889144897,9.83965015411377,9.663849830627441,6.791200160980225,162.24600219726562
2026-07-06 08:02:00+01:00,1.1423349380493164,9.839550018310547,9.661450386047363,6.791200160980225,162.26100158691406
2026-07-06 08:03:00+01:00,1.1423349380493164,9.838950157165527,9.66238021850586,6.791200160980225,162.26400756835938
2026-07-06 08:04:00+01:00,1.1424654722213745,9.838549613952637,9.659839630126953,6.78000020980835,162.2449951171875
2026-07-06 08:05:00+01:00,1.1423349380493164,9.841850280761719,9.659850120544434,6.791200160980225,162.25599670410156
2026-07-06 08:06:00+01:00,1.1423349380493164,9.84097957611084,9.659720420837402,6.791500091552734,162.26400756835938
2026-07-06 08:07:00+01:00,1.1422044038772583,9.84257984161377,9.661049842834473,6.791500091552734,162.28199768066406
2026-07-06 08:08:00+01:00,1.1422044038772583,9.84375,9.662630081176758,6.791399955749512,162.29400634765625
2026-07-06 08:09:00+01:00,1.1422044038772583,9.843250274658203,9.662810325622559,6.791600227355957,162.29800415039062
