Datetime,Close,High,Low,Open,Volume,price_usd,ticker,benchmark,name,unit,fetched_at_utc
2026-07-05 18:01:00-04:00,3.256599903106689,3.256599903106689,3.247999906539917,3.247999906539917,0,3.256599903106689,HO=F,HeatOil,Heating Oil,USD/gallon,20260706_024932
2026-07-05 18:03:00-04:00,3.247999906539917,3.247999906539917,3.247999906539917,3.247999906539917,2,3.247999906539917,HO=F,HeatOil,Heating Oil,USD/gallon,20260706_024932
2026-07-05 18:04:00-04:00,3.246500015258789,3.246500015258789,3.246500015258789,3.246500015258789,1,3.246500015258789,HO=F,HeatOil,Heating Oil,USD/gallon,20260706_024932
2026-07-05 18:05:00-04:00,3.245500087738037,3.245500087738037,3.2411999702453613,3.2411999702453613,8,3.245500087738037,HO=F,HeatOil,Heating Oil,USD/gallon,20260706_024932
2026-07-05 18:07:00-04:00,3.256599903106689,3.256599903106689,3.243499994277954,3.244999885559082,4,3.256599903106689,HO=F,HeatOil,Heating Oil,USD/gallon,20260706_024932
2026-07-05 18:16:00-04:00,3.244800090789795,3.244800090789795,3.244800090789795,3.244800090789795,1,3.244800090789795,HO=F,HeatOil,Heating Oil,USD/gallon,20260706_024932
2026-07-05 18:17:00-04:00,3.2416000366210938,3.2416000366210938,3.2416000366210938,3.2416000366210938,3,3.2416000366210938,HO=F,HeatOil,Heating Oil,USD/gallon,20260706_024932
2026-07-05 18:18:00-04:00,3.240400075912476,3.240400075912476,3.240400075912476,3.240400075912476,1,3.240400075912476,HO=F,HeatOil,Heating Oil,USD/gallon,20260706_024932
2026-07-05 18:21:00-04:00,3.256599903106689,3.256599903106689,3.2437000274658203,3.2437000274658203,1,3.256599903106689,HO=F,HeatOil,Heating Oil,USD/gallon,20260706_024932
2026-07-05 18:31:00-04:00,3.240000009536743,3.242000102996826,3.240000009536743,3.242000102996826,3,3.240000009536743,HO=F,HeatOil,Heating Oil,USD/gallon,20260706_024932
2026-07-05 18:32:00-04:00,3.256599903106689,3.256599903106689,3.2407000064849854,3.2407000064849854,4,3.256599903106689,HO=F,HeatOil,Heating Oil,USD/gallon,20260706_024932
2026-07-05 18:34:00-04:00,3.249599933624268,3.249599933624268,3.248300075531006,3.248300075531006,4,3.249599933624268,HO=F,HeatOil,Heating Oil,USD/gallon,20260706_024932
2026-07-05 18:35:00-04:00,3.2446000576019287,3.2446999549865723,3.2446000576019287,3.2446999549865723,3,3.2446000576019287,HO=F,HeatOil,Heating Oil,USD/gallon,20260706_024932
2026-07-05 18:43:00-04:00,3.2427000999450684,3.2427000999450684,3.2427000999450684,3.2427000999450684,2,3.2427000999450684,HO=F,HeatOil,Heating Oil,USD/gallon,20260706_024932
2026-07-05 18:46:00-04:00,3.256599903106689,3.256599903106689,3.2421998977661133,3.2421998977661133,12,3.256599903106689,HO=F,HeatOil,Heating Oil,USD/gallon,20260706_024932
2026-07-05 18:51:00-04:00,3.2462000846862797,3.2462000846862797,3.2462000846862797,3.2462000846862797,1,3.2462000846862797,HO=F,HeatOil,Heating Oil,USD/gallon,20260706_024932
2026-07-05 18:53:00-04:00,3.242500066757202,3.242500066757202,3.242500066757202,3.242500066757202,2,3.242500066757202,HO=F,HeatOil,Heating Oil,USD/gallon,20260706_024932
2026-07-05 18:55:00-04:00,3.2423999309539795,3.2423999309539795,3.2423999309539795,3.2423999309539795,1,3.2423999309539795,HO=F,HeatOil,Heating Oil,USD/gallon,20260706_024932
2026-07-05 18:57:00-04:00,3.256599903106689,3.256599903106689,3.242300033569336,3.242300033569336,1,3.256599903106689,HO=F,HeatOil,Heating Oil,USD/gallon,20260706_024932
2026-07-05 19:00:00-04:00,3.239000082015991,3.240400075912476,3.239000082015991,3.240400075912476,3,3.239000082015991,HO=F,HeatOil,Heating Oil,USD/gallon,20260706_024932
2026-07-05 19:02:00-04:00,3.241499900817871,3.2430999279022217,3.241499900817871,3.2430999279022217,5,3.241499900817871,HO=F,HeatOil,Heating Oil,USD/gallon,20260706_024932
2026-07-05 19:03:00-04:00,3.240000009536743,3.241499900817871,3.240000009536743,3.241499900817871,3,3.240000009536743,HO=F,HeatOil,Heating Oil,USD/gallon,20260706_024932
2026-07-05 19:04:00-04:00,3.241499900817871,3.241499900817871,3.241499900817871,3.241499900817871,5,3.241499900817871,HO=F,HeatOil,Heating Oil,USD/gallon,20260706_024932
2026-07-05 19:06:00-04:00,3.243000030517578,3.243000030517578,3.243000030517578,3.243000030517578,3,3.243000030517578,HO=F,HeatOil,Heating Oil,USD/gallon,20260706_024932
2026-07-05 19:07:00-04:00,3.2435998916625977,3.244499921798706,3.2435998916625977,3.2439000606536865,3,3.2435998916625977,HO=F,HeatOil,Heating Oil,USD/gallon,20260706_024932
2026-07-05 19:10:00-04:00,3.2435998916625977,3.2435998916625977,3.2435998916625977,3.2435998916625977,1,3.2435998916625977,HO=F,HeatOil,Heating Oil,USD/gallon,20260706_024932
2026-07-05 19:12:00-04:00,3.2399001121521,3.2399001121521,3.2399001121521,3.2399001121521,1,3.2399001121521,HO=F,HeatOil,Heating Oil,USD/gallon,20260706_024932
2026-07-05 19:13:00-04:00,3.256599903106689,3.256599903106689,3.241300106048584,3.241300106048584,1,3.256599903106689,HO=F,HeatOil,Heating Oil,USD/gallon,20260706_024932
2026-07-05 19:21:00-04:00,3.256599903106689,3.256599903106689,3.24180006980896,3.24180006980896,1,3.256599903106689,HO=F,HeatOil,Heating Oil,USD/gallon,20260706_024932
2026-07-05 19:24:00-04:00,3.242500066757202,3.242500066757202,3.242500066757202,3.242500066757202,2,3.242500066757202,HO=F,HeatOil,Heating Oil,USD/gallon,20260706_024932
2026-07-05 19:26:00-04:00,3.24180006980896,3.24180006980896,3.240000009536743,3.2400999069213867,4,3.24180006980896,HO=F,HeatOil,Heating Oil,USD/gallon,20260706_024932
2026-07-05 19:33:00-04:00,3.2423999309539795,3.2423999309539795,3.242300033569336,3.2423999309539795,4,3.2423999309539795,HO=F,HeatOil,Heating Oil,USD/gallon,20260706_024932
2026-07-05 19:40:00-04:00,3.239799976348877,3.240900039672852,3.239799976348877,3.240900039672852,26,3.239799976348877,HO=F,HeatOil,Heating Oil,USD/gallon,20260706_024932
2026-07-05 19:41:00-04:00,3.256599903106689,3.256599903106689,3.2407000064849854,3.2407000064849854,5,3.256599903106689,HO=F,HeatOil,Heating Oil,USD/gallon,20260706_024932
2026-07-05 19:42:00-04:00,3.2421000003814697,3.2421000003814697,3.2421000003814697,3.2421000003814697,2,3.2421000003814697,HO=F,HeatOil,Heating Oil,USD/gallon,20260706_024932
2026-07-05 19:43:00-04:00,3.242000102996826,3.242000102996826,3.242000102996826,3.242000102996826,1,3.242000102996826,HO=F,HeatOil,Heating Oil,USD/gallon,20260706_024932
2026-07-05 19:44:00-04:00,3.240999937057495,3.24180006980896,3.2407000064849854,3.24180006980896,8,3.240999937057495,HO=F,HeatOil,Heating Oil,USD/gallon,20260706_024932
2026-07-05 19:45:00-04:00,3.240999937057495,3.240999937057495,3.240299940109253,3.240900039672852,4,3.240999937057495,HO=F,HeatOil,Heating Oil,USD/gallon,20260706_024932
2026-07-05 19:46:00-04:00,3.256599903106689,3.256599903106689,3.238600015640259,3.238600015640259,3,3.256599903106689,HO=F,HeatOil,Heating Oil,USD/gallon,20260706_024932
2026-07-05 19:48:00-04:00,3.23799991607666,3.23799991607666,3.23799991607666,3.23799991607666,2,3.23799991607666,HO=F,HeatOil,Heating Oil,USD/gallon,20260706_024932
2026-07-05 19:51:00-04:00,3.238600015640259,3.238600015640259,3.238600015640259,3.238600015640259,3,3.238600015640259,HO=F,HeatOil,Heating Oil,USD/gallon,20260706_024932
2026-07-05 19:52:00-04:00,3.236999988555908,3.237799882888794,3.236999988555908,3.237799882888794,3,3.236999988555908,HO=F,HeatOil,Heating Oil,USD/gallon,20260706_024932
2026-07-05 19:56:00-04:00,3.237099885940552,3.238100051879883,3.237099885940552,3.2379000186920166,3,3.237099885940552,HO=F,HeatOil,Heating Oil,USD/gallon,20260706_024932
2026-07-05 20:00:00-04:00,3.2351999282836914,3.235599994659424,3.2351999282836914,3.235599994659424,3,3.2351999282836914,HO=F,HeatOil,Heating Oil,USD/gallon,20260706_024932
2026-07-05 20:01:00-04:00,3.2360999584198,3.2360999584198,3.2360999584198,3.2360999584198,1,3.2360999584198,HO=F,HeatOil,Heating Oil,USD/gallon,20260706_024932
2026-07-05 20:02:00-04:00,3.2379000186920166,3.2379000186920166,3.2379000186920166,3.2379000186920166,1,3.2379000186920166,HO=F,HeatOil,Heating Oil,USD/gallon,20260706_024932
2026-07-05 20:05:00-04:00,3.240799903869629,3.240799903869629,3.2385001182556152,3.238899946212769,15,3.240799903869629,HO=F,HeatOil,Heating Oil,USD/gallon,20260706_024932
2026-07-05 20:06:00-04:00,3.244499921798706,3.256599903106689,3.2416000366210938,3.2421998977661133,9,3.244499921798706,HO=F,HeatOil,Heating Oil,USD/gallon,20260706_024932
2026-07-05 20:07:00-04:00,3.246500015258789,3.2465999126434326,3.2451000213623047,3.2453999519348145,11,3.246500015258789,HO=F,HeatOil,Heating Oil,USD/gallon,20260706_024932
2026-07-05 20:09:00-04:00,3.250499963760376,3.250499963760376,3.2476999759674072,3.2476999759674072,7,3.250499963760376,HO=F,HeatOil,Heating Oil,USD/gallon,20260706_024932
2026-07-05 20:10:00-04:00,3.249099969863892,3.249099969863892,3.249099969863892,3.249099969863892,1,3.249099969863892,HO=F,HeatOil,Heating Oil,USD/gallon,20260706_024932
2026-07-05 20:11:00-04:00,3.256599903106689,3.256599903106689,3.248199939727783,3.248199939727783,1,3.256599903106689,HO=F,HeatOil,Heating Oil,USD/gallon,20260706_024932
2026-07-05 20:14:00-04:00,3.247900009155273,3.247900009155273,3.247900009155273,3.247900009155273,2,3.247900009155273,HO=F,HeatOil,Heating Oil,USD/gallon,20260706_024932
2026-07-05 20:15:00-04:00,3.2472000122070312,3.2472000122070312,3.2472000122070312,3.2472000122070312,2,3.2472000122070312,HO=F,HeatOil,Heating Oil,USD/gallon,20260706_024932
2026-07-05 20:17:00-04:00,3.247499942779541,3.247600078582764,3.247499942779541,3.247600078582764,2,3.247499942779541,HO=F,HeatOil,Heating Oil,USD/gallon,20260706_024932
2026-07-05 20:18:00-04:00,3.247499942779541,3.2476999759674072,3.247499942779541,3.2476999759674072,2,3.247499942779541,HO=F,HeatOil,Heating Oil,USD/gallon,20260706_024932
2026-07-05 20:19:00-04:00,3.2465999126434326,3.2465999126434326,3.2465999126434326,3.2465999126434326,1,3.2465999126434326,HO=F,HeatOil,Heating Oil,USD/gallon,20260706_024932
2026-07-05 20:22:00-04:00,3.247999906539917,3.247999906539917,3.247900009155273,3.247900009155273,3,3.247999906539917,HO=F,HeatOil,Heating Oil,USD/gallon,20260706_024932
2026-07-05 20:23:00-04:00,3.246299982070923,3.247400045394897,3.246299982070923,3.247400045394897,7,3.246299982070923,HO=F,HeatOil,Heating Oil,USD/gallon,20260706_024932
2026-07-05 20:25:00-04:00,3.247499942779541,3.247499942779541,3.247499942779541,3.247499942779541,1,3.247499942779541,HO=F,HeatOil,Heating Oil,USD/gallon,20260706_024932
2026-07-05 20:26:00-04:00,3.2418999671936035,3.2430999279022217,3.2418999671936035,3.2430999279022217,7,3.2418999671936035,HO=F,HeatOil,Heating Oil,USD/gallon,20260706_024932
2026-07-05 20:28:00-04:00,3.24180006980896,3.24180006980896,3.24180006980896,3.24180006980896,1,3.24180006980896,HO=F,HeatOil,Heating Oil,USD/gallon,20260706_024932
2026-07-05 20:29:00-04:00,3.240900039672852,3.240900039672852,3.240900039672852,3.240900039672852,1,3.240900039672852,HO=F,HeatOil,Heating Oil,USD/gallon,20260706_024932
2026-07-05 20:30:00-04:00,3.256599903106689,3.256599903106689,3.2381999492645264,3.2381999492645264,3,3.256599903106689,HO=F,HeatOil,Heating Oil,USD/gallon,20260706_024932
2026-07-05 20:32:00-04:00,3.2390999794006348,3.239500045776367,3.2390999794006348,3.239500045776367,6,3.2390999794006348,HO=F,HeatOil,Heating Oil,USD/gallon,20260706_024932
2026-07-05 20:33:00-04:00,3.2393999099731445,3.2393999099731445,3.238899946212769,3.238899946212769,4,3.2393999099731445,HO=F,HeatOil,Heating Oil,USD/gallon,20260706_024932
2026-07-05 20:35:00-04:00,3.2416000366210938,3.2416000366210938,3.2416000366210938,3.2416000366210938,25,3.2416000366210938,HO=F,HeatOil,Heating Oil,USD/gallon,20260706_024932
2026-07-05 20:36:00-04:00,3.244999885559082,3.244999885559082,3.242000102996826,3.242000102996826,51,3.244999885559082,HO=F,HeatOil,Heating Oil,USD/gallon,20260706_024932
2026-07-05 20:37:00-04:00,3.256599903106689,3.256599903106689,3.243499994277954,3.243499994277954,2,3.256599903106689,HO=F,HeatOil,Heating Oil,USD/gallon,20260706_024932
2026-07-05 20:38:00-04:00,3.2432000637054443,3.2432000637054443,3.2432000637054443,3.2432000637054443,3,3.2432000637054443,HO=F,HeatOil,Heating Oil,USD/gallon,20260706_024932
2026-07-05 20:39:00-04:00,3.2425999641418457,3.2428998947143555,3.2421998977661133,3.2428998947143555,3,3.2425999641418457,HO=F,HeatOil,Heating Oil,USD/gallon,20260706_024932
2026-07-05 20:41:00-04:00,3.2427000999450684,3.2427000999450684,3.2427000999450684,3.2427000999450684,1,3.2427000999450684,HO=F,HeatOil,Heating Oil,USD/gallon,20260706_024932
2026-07-05 20:42:00-04:00,3.2428998947143555,3.2428998947143555,3.2428998947143555,3.2428998947143555,1,3.2428998947143555,HO=F,HeatOil,Heating Oil,USD/gallon,20260706_024932
2026-07-05 20:43:00-04:00,3.2421000003814697,3.2421000003814697,3.2421000003814697,3.2421000003814697,1,3.2421000003814697,HO=F,HeatOil,Heating Oil,USD/gallon,20260706_024932
2026-07-05 20:44:00-04:00,3.244499921798706,3.244499921798706,3.2421000003814697,3.2421000003814697,13,3.244499921798706,HO=F,HeatOil,Heating Oil,USD/gallon,20260706_024932
2026-07-05 20:45:00-04:00,3.246299982070923,3.246299982070923,3.246299982070923,3.246299982070923,1,3.246299982070923,HO=F,HeatOil,Heating Oil,USD/gallon,20260706_024932
2026-07-05 20:46:00-04:00,3.2465999126434326,3.2465999126434326,3.2465999126434326,3.2465999126434326,2,3.2465999126434326,HO=F,HeatOil,Heating Oil,USD/gallon,20260706_024932
2026-07-05 20:47:00-04:00,3.246299982070923,3.246299982070923,3.246299982070923,3.246299982070923,1,3.246299982070923,HO=F,HeatOil,Heating Oil,USD/gallon,20260706_024932
2026-07-05 20:48:00-04:00,3.2460999488830566,3.2460999488830566,3.2460999488830566,3.2460999488830566,1,3.2460999488830566,HO=F,HeatOil,Heating Oil,USD/gallon,20260706_024932
2026-07-05 20:52:00-04:00,3.2446999549865723,3.2448999881744385,3.2446999549865723,3.2448999881744385,8,3.2446999549865723,HO=F,HeatOil,Heating Oil,USD/gallon,20260706_024932
2026-07-05 20:53:00-04:00,3.24399995803833,3.2441000938415527,3.24399995803833,3.2441000938415527,2,3.24399995803833,HO=F,HeatOil,Heating Oil,USD/gallon,20260706_024932
2026-07-05 20:54:00-04:00,3.256599903106689,3.256599903106689,3.2435998916625977,3.2435998916625977,4,3.256599903106689,HO=F,HeatOil,Heating Oil,USD/gallon,20260706_024932
2026-07-05 20:57:00-04:00,3.245199918746948,3.245699882507324,3.2448999881744385,3.2448999881744385,3,3.245199918746948,HO=F,HeatOil,Heating Oil,USD/gallon,20260706_024932
2026-07-05 20:58:00-04:00,3.2441999912261963,3.2448999881744385,3.2441999912261963,3.2448999881744385,4,3.2441999912261963,HO=F,HeatOil,Heating Oil,USD/gallon,20260706_024932
2026-07-05 20:59:00-04:00,3.2418999671936035,3.2418999671936035,3.2418999671936035,3.2418999671936035,2,3.2418999671936035,HO=F,HeatOil,Heating Oil,USD/gallon,20260706_024932
2026-07-05 21:00:00-04:00,3.2418999671936035,3.2441999912261963,3.240499973297119,3.240499973297119,10,3.2418999671936035,HO=F,HeatOil,Heating Oil,USD/gallon,20260706_024932
2026-07-05 21:01:00-04:00,3.2402000427246094,3.240499973297119,3.238899946212769,3.2393999099731445,9,3.2402000427246094,HO=F,HeatOil,Heating Oil,USD/gallon,20260706_024932
2026-07-05 21:02:00-04:00,3.256599903106689,3.256599903106689,3.2435998916625977,3.2435998916625977,1,3.256599903106689,HO=F,HeatOil,Heating Oil,USD/gallon,20260706_024932
2026-07-05 21:07:00-04:00,3.2492001056671143,3.250499963760376,3.2492001056671143,3.250499963760376,3,3.2492001056671143,HO=F,HeatOil,Heating Oil,USD/gallon,20260706_024932
2026-07-05 21:08:00-04:00,3.248300075531006,3.248300075531006,3.248300075531006,3.248300075531006,1,3.248300075531006,HO=F,HeatOil,Heating Oil,USD/gallon,20260706_024932
2026-07-05 21:11:00-04:00,3.249599933624268,3.249599933624268,3.249599933624268,3.249599933624268,1,3.249599933624268,HO=F,HeatOil,Heating Oil,USD/gallon,20260706_024932
2026-07-05 21:12:00-04:00,3.251199960708618,3.251199960708618,3.249599933624268,3.249599933624268,4,3.251199960708618,HO=F,HeatOil,Heating Oil,USD/gallon,20260706_024932
2026-07-05 21:13:00-04:00,3.253700017929077,3.2548999786376958,3.251800060272217,3.251800060272217,13,3.253700017929077,HO=F,HeatOil,Heating Oil,USD/gallon,20260706_024932
2026-07-05 21:14:00-04:00,3.253900051116944,3.253900051116944,3.253900051116944,3.253900051116944,2,3.253900051116944,HO=F,HeatOil,Heating Oil,USD/gallon,20260706_024932
2026-07-05 21:15:00-04:00,3.255500078201294,3.255500078201294,3.255500078201294,3.255500078201294,1,3.255500078201294,HO=F,HeatOil,Heating Oil,USD/gallon,20260706_024932
2026-07-05 21:16:00-04:00,3.257200002670288,3.257200002670288,3.257200002670288,3.257200002670288,1,3.257200002670288,HO=F,HeatOil,Heating Oil,USD/gallon,20260706_024932
2026-07-05 21:17:00-04:00,3.256200075149536,3.257200002670288,3.256200075149536,3.257200002670288,3,3.256200075149536,HO=F,HeatOil,Heating Oil,USD/gallon,20260706_024932
2026-07-05 21:18:00-04:00,3.256599903106689,3.2569000720977783,3.256599903106689,3.2569000720977783,1,3.256599903106689,HO=F,HeatOil,Heating Oil,USD/gallon,20260706_024932
2026-07-05 21:22:00-04:00,3.2613000869750977,3.2613000869750977,3.2602999210357666,3.2602999210357666,21,3.2613000869750977,HO=F,HeatOil,Heating Oil,USD/gallon,20260706_024932
2026-07-05 21:23:00-04:00,3.2600998878479004,3.260699987411499,3.2600998878479004,3.260699987411499,7,3.2600998878479004,HO=F,HeatOil,Heating Oil,USD/gallon,20260706_024932
2026-07-05 21:27:00-04:00,3.2595999240875244,3.2595999240875244,3.2595999240875244,3.2595999240875244,3,3.2595999240875244,HO=F,HeatOil,Heating Oil,USD/gallon,20260706_024932
2026-07-05 21:28:00-04:00,3.2578001022338867,3.2602999210357666,3.256599903106689,3.2602999210357666,3,3.2578001022338867,HO=F,HeatOil,Heating Oil,USD/gallon,20260706_024932
2026-07-05 21:29:00-04:00,3.257299900054932,3.257499933242798,3.257299900054932,3.257499933242798,2,3.257299900054932,HO=F,HeatOil,Heating Oil,USD/gallon,20260706_024932
2026-07-05 21:32:00-04:00,3.2578001022338867,3.2578001022338867,3.2578001022338867,3.2578001022338867,1,3.2578001022338867,HO=F,HeatOil,Heating Oil,USD/gallon,20260706_024932
2026-07-05 21:33:00-04:00,3.2578999996185303,3.2578999996185303,3.2578999996185303,3.2578999996185303,1,3.2578999996185303,HO=F,HeatOil,Heating Oil,USD/gallon,20260706_024932
2026-07-05 21:34:00-04:00,3.256999969482422,3.2588999271392822,3.256999969482422,3.2588999271392822,3,3.256999969482422,HO=F,HeatOil,Heating Oil,USD/gallon,20260706_024932
2026-07-05 21:36:00-04:00,3.2558999061584477,3.2558999061584477,3.25570011138916,3.25570011138916,3,3.2558999061584477,HO=F,HeatOil,Heating Oil,USD/gallon,20260706_024932
2026-07-05 21:37:00-04:00,3.254800081253052,3.2558999061584477,3.254800081253052,3.2558999061584477,4,3.254800081253052,HO=F,HeatOil,Heating Oil,USD/gallon,20260706_024932
2026-07-05 21:38:00-04:00,3.25440001487732,3.25440001487732,3.254199981689453,3.254199981689453,3,3.25440001487732,HO=F,HeatOil,Heating Oil,USD/gallon,20260706_024932
2026-07-05 21:40:00-04:00,3.25629997253418,3.2564001083374023,3.25629997253418,3.2564001083374023,2,3.25629997253418,HO=F,HeatOil,Heating Oil,USD/gallon,20260706_024932
2026-07-05 21:41:00-04:00,3.257299900054932,3.257299900054932,3.257299900054932,3.257299900054932,2,3.257299900054932,HO=F,HeatOil,Heating Oil,USD/gallon,20260706_024932
2026-07-05 21:42:00-04:00,3.2614998817443848,3.2614998817443848,3.257499933242798,3.257499933242798,4,3.2614998817443848,HO=F,HeatOil,Heating Oil,USD/gallon,20260706_024932
2026-07-05 21:43:00-04:00,3.261199951171875,3.261199951171875,3.261199951171875,3.261199951171875,2,3.261199951171875,HO=F,HeatOil,Heating Oil,USD/gallon,20260706_024932
2026-07-05 21:44:00-04:00,3.261199951171875,3.2613000869750977,3.261199951171875,3.261199951171875,5,3.261199951171875,HO=F,HeatOil,Heating Oil,USD/gallon,20260706_024932
2026-07-05 21:45:00-04:00,3.256599903106689,3.26259994506836,3.256599903106689,3.2613000869750977,3,3.256599903106689,HO=F,HeatOil,Heating Oil,USD/gallon,20260706_024932
2026-07-05 21:46:00-04:00,3.266200065612793,3.268399953842163,3.2648000717163086,3.264899969100952,13,3.266200065612793,HO=F,HeatOil,Heating Oil,USD/gallon,20260706_024932
2026-07-05 21:47:00-04:00,3.2672998905181885,3.2672998905181885,3.2672998905181885,3.2672998905181885,27,3.2672998905181885,HO=F,HeatOil,Heating Oil,USD/gallon,20260706_024932
2026-07-05 21:48:00-04:00,3.266200065612793,3.266200065612793,3.266200065612793,3.266200065612793,1,3.266200065612793,HO=F,HeatOil,Heating Oil,USD/gallon,20260706_024932
2026-07-05 21:49:00-04:00,3.2671000957489014,3.2681000232696533,3.2655999660491943,3.2657999992370605,21,3.2671000957489014,HO=F,HeatOil,Heating Oil,USD/gallon,20260706_024932
2026-07-05 21:50:00-04:00,3.2699999809265137,3.2699999809265137,3.2681000232696533,3.2681000232696533,5,3.2699999809265137,HO=F,HeatOil,Heating Oil,USD/gallon,20260706_024932
2026-07-05 21:51:00-04:00,3.274499893188477,3.2751998901367188,3.2706000804901123,3.2706000804901123,16,3.274499893188477,HO=F,HeatOil,Heating Oil,USD/gallon,20260706_024932
2026-07-05 21:52:00-04:00,3.275399923324585,3.275399923324585,3.273200035095215,3.274600028991699,14,3.275399923324585,HO=F,HeatOil,Heating Oil,USD/gallon,20260706_024932
2026-07-05 21:53:00-04:00,3.273099899291992,3.274899959564209,3.256599903106689,3.274899959564209,4,3.273099899291992,HO=F,HeatOil,Heating Oil,USD/gallon,20260706_024932
2026-07-05 21:55:00-04:00,3.2716000080108643,3.2716000080108643,3.2716000080108643,3.2716000080108643,2,3.2716000080108643,HO=F,HeatOil,Heating Oil,USD/gallon,20260706_024932
2026-07-05 21:56:00-04:00,3.2725000381469727,3.2725000381469727,3.2725000381469727,3.2725000381469727,1,3.2725000381469727,HO=F,HeatOil,Heating Oil,USD/gallon,20260706_024932
2026-07-05 21:58:00-04:00,3.273400068283081,3.273400068283081,3.273400068283081,3.273400068283081,7,3.273400068283081,HO=F,HeatOil,Heating Oil,USD/gallon,20260706_024932
2026-07-05 21:59:00-04:00,3.2727999687194824,3.2727999687194824,3.2725000381469727,3.2725000381469727,3,3.2727999687194824,HO=F,HeatOil,Heating Oil,USD/gallon,20260706_024932
2026-07-05 22:00:00-04:00,3.2723000049591064,3.27239990234375,3.271699905395508,3.271699905395508,4,3.2723000049591064,HO=F,HeatOil,Heating Oil,USD/gallon,20260706_024932
2026-07-05 22:01:00-04:00,3.274199962615967,3.274199962615967,3.2739999294281006,3.2739999294281006,10,3.274199962615967,HO=F,HeatOil,Heating Oil,USD/gallon,20260706_024932
2026-07-05 22:02:00-04:00,3.274499893188477,3.274899959564209,3.273400068283081,3.2734999656677246,32,3.274499893188477,HO=F,HeatOil,Heating Oil,USD/gallon,20260706_024932
2026-07-05 22:03:00-04:00,3.275500059127808,3.275500059127808,3.275500059127808,3.275500059127808,2,3.275500059127808,HO=F,HeatOil,Heating Oil,USD/gallon,20260706_024932
2026-07-05 22:04:00-04:00,3.27649998664856,3.27649998664856,3.27649998664856,3.27649998664856,10,3.27649998664856,HO=F,HeatOil,Heating Oil,USD/gallon,20260706_024932
2026-07-05 22:05:00-04:00,3.27839994430542,3.278599977493286,3.27839994430542,3.278599977493286,29,3.27839994430542,HO=F,HeatOil,Heating Oil,USD/gallon,20260706_024932
2026-07-05 22:07:00-04:00,3.284899950027466,3.284899950027466,3.282599925994873,3.282599925994873,33,3.284899950027466,HO=F,HeatOil,Heating Oil,USD/gallon,20260706_024932
2026-07-05 22:08:00-04:00,3.281500101089477,3.281500101089477,3.281500101089477,3.281500101089477,12,3.281500101089477,HO=F,HeatOil,Heating Oil,USD/gallon,20260706_024932
2026-07-05 22:09:00-04:00,3.256599903106689,3.2795000076293945,3.256599903106689,3.278599977493286,22,3.256599903106689,HO=F,HeatOil,Heating Oil,USD/gallon,20260706_024932
2026-07-05 22:13:00-04:00,3.2757999897003174,3.2767999172210693,3.2757999897003174,3.2767999172210693,2,3.2757999897003174,HO=F,HeatOil,Heating Oil,USD/gallon,20260706_024932
2026-07-05 22:15:00-04:00,3.275099992752075,3.276400089263916,3.275099992752075,3.276400089263916,3,3.275099992752075,HO=F,HeatOil,Heating Oil,USD/gallon,20260706_024932
2026-07-05 22:17:00-04:00,3.256599903106689,3.2767999172210693,3.256599903106689,3.2767999172210693,2,3.256599903106689,HO=F,HeatOil,Heating Oil,USD/gallon,20260706_024932
2026-07-05 22:18:00-04:00,3.276000022888184,3.276000022888184,3.2757999897003174,3.2757999897003174,3,3.276000022888184,HO=F,HeatOil,Heating Oil,USD/gallon,20260706_024932
2026-07-05 22:20:00-04:00,3.278599977493286,3.278599977493286,3.276900053024292,3.276900053024292,5,3.278599977493286,HO=F,HeatOil,Heating Oil,USD/gallon,20260706_024932
2026-07-05 22:21:00-04:00,3.2776999473571777,3.2776999473571777,3.2776999473571777,3.2776999473571777,1,3.2776999473571777,HO=F,HeatOil,Heating Oil,USD/gallon,20260706_024932
2026-07-05 22:23:00-04:00,3.2785000801086426,3.2785000801086426,3.277899980545044,3.2780001163482666,4,3.2785000801086426,HO=F,HeatOil,Heating Oil,USD/gallon,20260706_024932
2026-07-05 22:24:00-04:00,3.2790000438690186,3.2790000438690186,3.2783000469207764,3.2783000469207764,3,3.2790000438690186,HO=F,HeatOil,Heating Oil,USD/gallon,20260706_024932
2026-07-05 22:25:00-04:00,3.2790000438690186,3.2790000438690186,3.2790000438690186,3.2790000438690186,1,3.2790000438690186,HO=F,HeatOil,Heating Oil,USD/gallon,20260706_024932
2026-07-05 22:26:00-04:00,3.2795000076293945,3.2795000076293945,3.279099941253662,3.279099941253662,2,3.2795000076293945,HO=F,HeatOil,Heating Oil,USD/gallon,20260706_024932
2026-07-05 22:27:00-04:00,3.2795000076293945,3.2799999713897705,3.2795000076293945,3.2799999713897705,3,3.2795000076293945,HO=F,HeatOil,Heating Oil,USD/gallon,20260706_024932
2026-07-05 22:28:00-04:00,3.279599905014038,3.2797999382019043,3.279599905014038,3.2797999382019043,5,3.279599905014038,HO=F,HeatOil,Heating Oil,USD/gallon,20260706_024932
2026-07-05 22:32:00-04:00,3.2781999111175537,3.2781999111175537,3.2781999111175537,3.2781999111175537,1,3.2781999111175537,HO=F,HeatOil,Heating Oil,USD/gallon,20260706_024932
2026-07-05 22:34:00-04:00,3.2772998809814453,3.2772998809814453,3.2772998809814453,3.2772998809814453,1,3.2772998809814453,HO=F,HeatOil,Heating Oil,USD/gallon,20260706_024932
2026-07-05 22:35:00-04:00,3.256599903106689,3.274600028991699,3.256599903106689,3.274600028991699,2,3.256599903106689,HO=F,HeatOil,Heating Oil,USD/gallon,20260706_024932
2026-07-05 22:36:00-04:00,3.274600028991699,3.274600028991699,3.274600028991699,3.274600028991699,5,3.274600028991699,HO=F,HeatOil,Heating Oil,USD/gallon,20260706_024932
2026-07-05 22:37:00-04:00,3.275000095367432,3.275000095367432,3.274300098419189,3.2746999263763428,4,3.275000095367432,HO=F,HeatOil,Heating Oil,USD/gallon,20260706_024932
2026-07-05 22:38:00-04:00,3.2757999897003174,3.2757999897003174,3.2757999897003174,3.2757999897003174,1,3.2757999897003174,HO=F,HeatOil,Heating Oil,USD/gallon,20260706_024932
2026-07-05 22:39:00-04:00,3.275399923324585,3.275399923324585,3.273900032043457,3.275399923324585,0,3.275399923324585,HO=F,HeatOil,Heating Oil,USD/gallon,20260706_024932
2026-07-06 00:00:00-04:00,3.2606000900268555,3.2614998817443848,3.2606000900268555,3.2614998817443848,0,3.2606000900268555,HO=F,HeatOil,Heating Oil,USD/gallon,20260706_070940
2026-07-06 00:01:00-04:00,3.260499954223633,3.260499954223633,3.260499954223633,3.260499954223633,3,3.260499954223633,HO=F,HeatOil,Heating Oil,USD/gallon,20260706_070940
2026-07-06 00:02:00-04:00,3.261199951171875,3.2614998817443848,3.261199951171875,3.2614998817443848,2,3.261199951171875,HO=F,HeatOil,Heating Oil,USD/gallon,20260706_070940
2026-07-06 00:03:00-04:00,3.2609000205993652,3.2609000205993652,3.2609000205993652,3.2609000205993652,2,3.2609000205993652,HO=F,HeatOil,Heating Oil,USD/gallon,20260706_070940
2026-07-06 00:07:00-04:00,3.2623000144958496,3.2623000144958496,3.2623000144958496,3.2623000144958496,1,3.2623000144958496,HO=F,HeatOil,Heating Oil,USD/gallon,20260706_070940
2026-07-06 00:09:00-04:00,3.2660000324249268,3.2662999629974365,3.2644999027252197,3.2644999027252197,9,3.2660000324249268,HO=F,HeatOil,Heating Oil,USD/gallon,20260706_070940
2026-07-06 00:11:00-04:00,3.2565999031066895,3.2651000022888184,3.2565999031066895,3.2651000022888184,1,3.2565999031066895,HO=F,HeatOil,Heating Oil,USD/gallon,20260706_070940
2026-07-06 00:16:00-04:00,3.2636001110076904,3.2636001110076904,3.2636001110076904,3.2636001110076904,1,3.2636001110076904,HO=F,HeatOil,Heating Oil,USD/gallon,20260706_070940
2026-07-06 00:18:00-04:00,3.26419997215271,3.2648000717163086,3.26419997215271,3.2646000385284424,6,3.26419997215271,HO=F,HeatOil,Heating Oil,USD/gallon,20260706_070940
2026-07-06 00:19:00-04:00,3.2648000717163086,3.2648000717163086,3.2648000717163086,3.2648000717163086,2,3.2648000717163086,HO=F,HeatOil,Heating Oil,USD/gallon,20260706_070940
2026-07-06 00:20:00-04:00,3.263200044631958,3.2639000415802,3.263200044631958,3.2639000415802,6,3.263200044631958,HO=F,HeatOil,Heating Oil,USD/gallon,20260706_070940
2026-07-06 00:22:00-04:00,3.2565999031066895,3.264699935913086,3.2565999031066895,3.2637999057769775,2,3.2565999031066895,HO=F,HeatOil,Heating Oil,USD/gallon,20260706_070940
2026-07-06 00:23:00-04:00,3.2655999660491943,3.2655999660491943,3.2655999660491943,3.2655999660491943,2,3.2655999660491943,HO=F,HeatOil,Heating Oil,USD/gallon,20260706_070940
2026-07-06 00:24:00-04:00,3.265199899673462,3.265199899673462,3.265199899673462,3.265199899673462,1,3.265199899673462,HO=F,HeatOil,Heating Oil,USD/gallon,20260706_070940
2026-07-06 00:25:00-04:00,3.2655999660491943,3.2655999660491943,3.2655999660491943,3.2655999660491943,1,3.2655999660491943,HO=F,HeatOil,Heating Oil,USD/gallon,20260706_070940
2026-07-06 00:29:00-04:00,3.265500068664551,3.265899896621704,3.265500068664551,3.265899896621704,3,3.265500068664551,HO=F,HeatOil,Heating Oil,USD/gallon,20260706_070940
2026-07-06 00:30:00-04:00,3.2660000324249268,3.2660000324249268,3.2660000324249268,3.2660000324249268,1,3.2660000324249268,HO=F,HeatOil,Heating Oil,USD/gallon,20260706_070940
2026-07-06 00:31:00-04:00,3.2655999660491943,3.265700101852417,3.2655999660491943,3.265700101852417,2,3.2655999660491943,HO=F,HeatOil,Heating Oil,USD/gallon,20260706_070940
2026-07-06 00:33:00-04:00,3.265199899673462,3.2653000354766846,3.2651000022888184,3.2653000354766846,6,3.265199899673462,HO=F,HeatOil,Heating Oil,USD/gallon,20260706_070940
2026-07-06 00:34:00-04:00,3.2660999298095703,3.2662999629974365,3.2660999298095703,3.2662999629974365,2,3.2660999298095703,HO=F,HeatOil,Heating Oil,USD/gallon,20260706_070940
2026-07-06 00:35:00-04:00,3.265700101852417,3.265700101852417,3.265700101852417,3.265700101852417,1,3.265700101852417,HO=F,HeatOil,Heating Oil,USD/gallon,20260706_070940
2026-07-06 00:39:00-04:00,3.2697999477386475,3.2697999477386475,3.2683000564575195,3.268399953842163,15,3.2697999477386475,HO=F,HeatOil,Heating Oil,USD/gallon,20260706_070940
2026-07-06 00:40:00-04:00,3.2565999031066895,3.269700050354004,3.2565999031066895,3.269700050354004,12,3.2565999031066895,HO=F,HeatOil,Heating Oil,USD/gallon,20260706_070940
2026-07-06 00:43:00-04:00,3.2701001167297363,3.2701001167297363,3.2699999809265137,3.2701001167297363,7,3.2701001167297363,HO=F,HeatOil,Heating Oil,USD/gallon,20260706_070940
2026-07-06 00:44:00-04:00,3.2699999809265137,3.2699999809265137,3.269200086593628,3.2692999839782715,4,3.2699999809265137,HO=F,HeatOil,Heating Oil,USD/gallon,20260706_070940
2026-07-06 00:45:00-04:00,3.2709999084472656,3.2709999084472656,3.2709999084472656,3.2709999084472656,2,3.2709999084472656,HO=F,HeatOil,Heating Oil,USD/gallon,20260706_070940
2026-07-06 00:47:00-04:00,3.2565999031066895,3.2690000534057617,3.2565999031066895,3.2690000534057617,3,3.2565999031066895,HO=F,HeatOil,Heating Oil,USD/gallon,20260706_070940
2026-07-06 00:49:00-04:00,3.269700050354004,3.269700050354004,3.269700050354004,3.269700050354004,1,3.269700050354004,HO=F,HeatOil,Heating Oil,USD/gallon,20260706_070940
2026-07-06 00:50:00-04:00,3.267899990081787,3.267899990081787,3.267899990081787,3.267899990081787,1,3.267899990081787,HO=F,HeatOil,Heating Oil,USD/gallon,20260706_070940
2026-07-06 00:52:00-04:00,3.267699956893921,3.267699956893921,3.267699956893921,3.267699956893921,1,3.267699956893921,HO=F,HeatOil,Heating Oil,USD/gallon,20260706_070940
2026-07-06 00:54:00-04:00,3.268199920654297,3.2685999870300293,3.2679998874664307,3.2679998874664307,3,3.268199920654297,HO=F,HeatOil,Heating Oil,USD/gallon,20260706_070940
2026-07-06 00:55:00-04:00,3.2674999237060547,3.268399953842163,3.2674999237060547,3.268399953842163,3,3.2674999237060547,HO=F,HeatOil,Heating Oil,USD/gallon,20260706_070940
2026-07-06 00:56:00-04:00,3.2653000354766846,3.266900062561035,3.2653000354766846,3.266900062561035,10,3.2653000354766846,HO=F,HeatOil,Heating Oil,USD/gallon,20260706_070940
2026-07-06 00:58:00-04:00,3.266900062561035,3.267699956893921,3.266900062561035,3.267699956893921,2,3.266900062561035,HO=F,HeatOil,Heating Oil,USD/gallon,20260706_070940
2026-07-06 00:59:00-04:00,3.267199993133545,3.2674999237060547,3.267199993133545,3.2674999237060547,5,3.267199993133545,HO=F,HeatOil,Heating Oil,USD/gallon,20260706_070940
2026-07-06 01:00:00-04:00,3.267199993133545,3.267699956893921,3.267199993133545,3.2672998905181885,8,3.267199993133545,HO=F,HeatOil,Heating Oil,USD/gallon,20260706_070940
2026-07-06 01:01:00-04:00,3.2695999145507812,3.2695999145507812,3.2681000232696533,3.2681000232696533,12,3.2695999145507812,HO=F,HeatOil,Heating Oil,USD/gallon,20260706_070940
2026-07-06 01:02:00-04:00,3.2695999145507812,3.2699999809265137,3.2695999145507812,3.2699999809265137,4,3.2695999145507812,HO=F,HeatOil,Heating Oil,USD/gallon,20260706_070940
2026-07-06 01:03:00-04:00,3.2565999031066895,3.2701001167297363,3.2565999031066895,3.2701001167297363,1,3.2565999031066895,HO=F,HeatOil,Heating Oil,USD/gallon,20260706_070940
2026-07-06 01:07:00-04:00,3.269399881362915,3.2695000171661377,3.269399881362915,3.2695000171661377,4,3.269399881362915,HO=F,HeatOil,Heating Oil,USD/gallon,20260706_070940
2026-07-06 01:10:00-04:00,3.2565999031066895,3.268399953842163,3.2565999031066895,3.268399953842163,2,3.2565999031066895,HO=F,HeatOil,Heating Oil,USD/gallon,20260706_070940
2026-07-06 01:14:00-04:00,3.2708001136779785,3.2708001136779785,3.270400047302246,3.270400047302246,3,3.2708001136779785,HO=F,HeatOil,Heating Oil,USD/gallon,20260706_070940
2026-07-06 01:15:00-04:00,3.2709999084472656,3.2720000743865967,3.270900011062622,3.2713000774383545,10,3.2709999084472656,HO=F,HeatOil,Heating Oil,USD/gallon,20260706_070940
2026-07-06 01:17:00-04:00,3.2727999687194824,3.2727999687194824,3.2727999687194824,3.2727999687194824,1,3.2727999687194824,HO=F,HeatOil,Heating Oil,USD/gallon,20260706_070940
2026-07-06 01:19:00-04:00,3.2720999717712402,3.2720999717712402,3.2720999717712402,3.2720999717712402,2,3.2720999717712402,HO=F,HeatOil,Heating Oil,USD/gallon,20260706_070940
2026-07-06 01:20:00-04:00,3.272599935531616,3.272599935531616,3.272599935531616,3.272599935531616,1,3.272599935531616,HO=F,HeatOil,Heating Oil,USD/gallon,20260706_070940
2026-07-06 01:21:00-04:00,3.2716000080108643,3.2716000080108643,3.2716000080108643,3.2716000080108643,1,3.2716000080108643,HO=F,HeatOil,Heating Oil,USD/gallon,20260706_070940
2026-07-06 01:22:00-04:00,3.2708001136779785,3.270900011062622,3.270699977874756,3.270900011062622,3,3.2708001136779785,HO=F,HeatOil,Heating Oil,USD/gallon,20260706_070940
2026-07-06 01:23:00-04:00,3.2704999446868896,3.2704999446868896,3.2704999446868896,3.2704999446868896,1,3.2704999446868896,HO=F,HeatOil,Heating Oil,USD/gallon,20260706_070940
2026-07-06 01:28:00-04:00,3.2723000049591064,3.27239990234375,3.2723000049591064,3.27239990234375,2,3.2723000049591064,HO=F,HeatOil,Heating Oil,USD/gallon,20260706_070940
2026-07-06 01:29:00-04:00,3.272200107574463,3.272200107574463,3.272200107574463,3.272200107574463,14,3.272200107574463,HO=F,HeatOil,Heating Oil,USD/gallon,20260706_070940
2026-07-06 01:30:00-04:00,3.272200107574463,3.2755000591278076,3.2565999031066895,3.2755000591278076,19,3.272200107574463,HO=F,HeatOil,Heating Oil,USD/gallon,20260706_070940
2026-07-06 01:31:00-04:00,3.2730000019073486,3.2730000019073486,3.272700071334839,3.272700071334839,3,3.2730000019073486,HO=F,HeatOil,Heating Oil,USD/gallon,20260706_070940
2026-07-06 01:32:00-04:00,3.2739999294281006,3.275099992752075,3.2739999294281006,3.2743000984191895,6,3.2739999294281006,HO=F,HeatOil,Heating Oil,USD/gallon,20260706_070940
2026-07-06 01:35:00-04:00,3.2708001136779785,3.2716000080108643,3.2701001167297363,3.2716000080108643,7,3.2708001136779785,HO=F,HeatOil,Heating Oil,USD/gallon,20260706_070940
2026-07-06 01:36:00-04:00,3.2565999031066895,3.26990008354187,3.2565999031066895,3.26990008354187,1,3.2565999031066895,HO=F,HeatOil,Heating Oil,USD/gallon,20260706_070940
2026-07-06 01:37:00-04:00,3.2708001136779785,3.2708001136779785,3.2708001136779785,3.2708001136779785,1,3.2708001136779785,HO=F,HeatOil,Heating Oil,USD/gallon,20260706_070940
2026-07-06 01:38:00-04:00,3.2708001136779785,3.2708001136779785,3.26990008354187,3.26990008354187,4,3.2708001136779785,HO=F,HeatOil,Heating Oil,USD/gallon,20260706_070940
2026-07-06 01:39:00-04:00,3.27020001411438,3.27020001411438,3.26990008354187,3.26990008354187,2,3.27020001411438,HO=F,HeatOil,Heating Oil,USD/gallon,20260706_070940
2026-07-06 01:41:00-04:00,3.271699905395508,3.271699905395508,3.271199941635132,3.271199941635132,16,3.271699905395508,HO=F,HeatOil,Heating Oil,USD/gallon,20260706_070940
2026-07-06 01:42:00-04:00,3.272900104522705,3.272900104522705,3.272900104522705,3.272900104522705,1,3.272900104522705,HO=F,HeatOil,Heating Oil,USD/gallon,20260706_070940
2026-07-06 01:44:00-04:00,3.27620005607605,3.277400016784668,3.2741000652313232,3.2741000652313232,55,3.27620005607605,HO=F,HeatOil,Heating Oil,USD/gallon,20260706_070940
2026-07-06 01:50:00-04:00,3.2565999031066895,3.2760000228881836,3.2565999031066895,3.2746999263763428,5,3.2565999031066895,HO=F,HeatOil,Heating Oil,USD/gallon,20260706_070940
2026-07-06 01:56:00-04:00,3.275099992752075,3.2753000259399414,3.275099992752075,3.2753000259399414,5,3.275099992752075,HO=F,HeatOil,Heating Oil,USD/gallon,20260706_070940
2026-07-06 01:58:00-04:00,3.277100086212158,3.2776999473571777,3.277100086212158,3.2776999473571777,3,3.277100086212158,HO=F,HeatOil,Heating Oil,USD/gallon,20260706_070940
2026-07-06 01:59:00-04:00,3.276599884033203,3.2771999835968018,3.276599884033203,3.2771999835968018,3,3.276599884033203,HO=F,HeatOil,Heating Oil,USD/gallon,20260706_070940
2026-07-06 02:00:00-04:00,3.27810001373291,3.27810001373291,3.2771999835968018,3.2771999835968018,5,3.27810001373291,HO=F,HeatOil,Heating Oil,USD/gallon,20260706_070940
2026-07-06 02:01:00-04:00,3.2802000045776367,3.2802000045776367,3.2776999473571777,3.2776999473571777,40,3.2802000045776367,HO=F,HeatOil,Heating Oil,USD/gallon,20260706_070940
2026-07-06 02:02:00-04:00,3.2565999031066895,3.280400037765503,3.2565999031066895,3.280400037765503,3,3.2565999031066895,HO=F,HeatOil,Heating Oil,USD/gallon,20260706_070940
2026-07-06 02:03:00-04:00,3.2799999713897705,3.2799999713897705,3.2799999713897705,3.2799999713897705,1,3.2799999713897705,HO=F,HeatOil,Heating Oil,USD/gallon,20260706_070940
2026-07-06 02:04:00-04:00,3.2822999954223633,3.2827000617980957,3.2822999954223633,3.282599925994873,6,3.2822999954223633,HO=F,HeatOil,Heating Oil,USD/gallon,20260706_070940
2026-07-06 02:05:00-04:00,3.286600112915039,3.2873001098632812,3.283400058746338,3.283400058746338,30,3.286600112915039,HO=F,HeatOil,Heating Oil,USD/gallon,20260706_070940
2026-07-06 02:06:00-04:00,3.283799886703491,3.2853000164031982,3.283799886703491,3.2853000164031982,4,3.283799886703491,HO=F,HeatOil,Heating Oil,USD/gallon,20260706_070940
2026-07-06 02:07:00-04:00,3.2855000495910645,3.2855000495910645,3.2855000495910645,3.2855000495910645,1,3.2855000495910645,HO=F,HeatOil,Heating Oil,USD/gallon,20260706_070940
2026-07-06 02:10:00-04:00,3.2883999347686768,3.2887001037597656,3.287600040435791,3.2887001037597656,4,3.2883999347686768,HO=F,HeatOil,Heating Oil,USD/gallon,20260706_070940
2026-07-06 02:11:00-04:00,3.286600112915039,3.287600040435791,3.286600112915039,3.287600040435791,5,3.286600112915039,HO=F,HeatOil,Heating Oil,USD/gallon,20260706_070940
2026-07-06 02:14:00-04:00,3.2860000133514404,3.2860000133514404,3.285900115966797,3.285900115966797,7,3.2860000133514404,HO=F,HeatOil,Heating Oil,USD/gallon,20260706_070940
2026-07-06 02:16:00-04:00,3.285799980163574,3.285799980163574,3.285799980163574,3.285799980163574,3,3.285799980163574,HO=F,HeatOil,Heating Oil,USD/gallon,20260706_070940
2026-07-06 02:17:00-04:00,3.2855000495910645,3.2855000495910645,3.285099983215332,3.2852001190185547,3,3.2855000495910645,HO=F,HeatOil,Heating Oil,USD/gallon,20260706_070940
2026-07-06 02:19:00-04:00,3.2864999771118164,3.2864999771118164,3.2864999771118164,3.2864999771118164,2,3.2864999771118164,HO=F,HeatOil,Heating Oil,USD/gallon,20260706_070940
2026-07-06 02:20:00-04:00,3.2565999031066895,3.2832999229431152,3.2565999031066895,3.2832999229431152,4,3.2565999031066895,HO=F,HeatOil,Heating Oil,USD/gallon,20260706_070940
2026-07-06 02:21:00-04:00,3.2806999683380127,3.2806999683380127,3.2806999683380127,3.2806999683380127,1,3.2806999683380127,HO=F,HeatOil,Heating Oil,USD/gallon,20260706_070940
2026-07-06 02:22:00-04:00,3.2809998989105225,3.2809998989105225,3.2809998989105225,3.2809998989105225,4,3.2809998989105225,HO=F,HeatOil,Heating Oil,USD/gallon,20260706_070940
2026-07-06 02:23:00-04:00,3.279400110244751,3.279599905014038,3.278899908065796,3.279599905014038,4,3.279400110244751,HO=F,HeatOil,Heating Oil,USD/gallon,20260706_070940
2026-07-06 02:24:00-04:00,3.27810001373291,3.27810001373291,3.27810001373291,3.27810001373291,1,3.27810001373291,HO=F,HeatOil,Heating Oil,USD/gallon,20260706_070940
2026-07-06 02:25:00-04:00,3.2771999835968018,3.278599977493286,3.2771999835968018,3.27810001373291,11,3.2771999835968018,HO=F,HeatOil,Heating Oil,USD/gallon,20260706_070940
2026-07-06 02:26:00-04:00,3.2774999141693115,3.27810001373291,3.276400089263916,3.276400089263916,3,3.2774999141693115,HO=F,HeatOil,Heating Oil,USD/gallon,20260706_070940
2026-07-06 02:27:00-04:00,3.2565999031066895,3.276700019836426,3.2565999031066895,3.276700019836426,1,3.2565999031066895,HO=F,HeatOil,Heating Oil,USD/gallon,20260706_070940
2026-07-06 02:28:00-04:00,3.2771999835968018,3.2771999835968018,3.2769999504089355,3.2769999504089355,3,3.2771999835968018,HO=F,HeatOil,Heating Oil,USD/gallon,20260706_070940
2026-07-06 02:30:00-04:00,3.277899980545044,3.278700113296509,3.276900053024292,3.276900053024292,9,3.277899980545044,HO=F,HeatOil,Heating Oil,USD/gallon,20260706_070940
2026-07-06 02:31:00-04:00,3.2795000076293945,3.2795000076293945,3.275599956512451,3.2774999141693115,7,3.2795000076293945,HO=F,HeatOil,Heating Oil,USD/gallon,20260706_070940
2026-07-06 02:32:00-04:00,3.278899908065796,3.278899908065796,3.27810001373291,3.2783000469207764,6,3.278899908065796,HO=F,HeatOil,Heating Oil,USD/gallon,20260706_070940
2026-07-06 02:33:00-04:00,3.2781999111175537,3.2781999111175537,3.2781999111175537,3.2781999111175537,2,3.2781999111175537,HO=F,HeatOil,Heating Oil,USD/gallon,20260706_070940
2026-07-06 02:36:00-04:00,3.2750000953674316,3.2750000953674316,3.273900032043457,3.2743000984191895,11,3.2750000953674316,HO=F,HeatOil,Heating Oil,USD/gallon,20260706_070940
2026-07-06 02:37:00-04:00,3.2757999897003174,3.2757999897003174,3.2750000953674316,3.2750000953674316,3,3.2757999897003174,HO=F,HeatOil,Heating Oil,USD/gallon,20260706_070940
2026-07-06 02:38:00-04:00,3.2748000621795654,3.2748000621795654,3.2748000621795654,3.2748000621795654,1,3.2748000621795654,HO=F,HeatOil,Heating Oil,USD/gallon,20260706_070940
2026-07-06 02:39:00-04:00,3.2750000953674316,3.2750000953674316,3.274199962615967,3.274199962615967,6,3.2750000953674316,HO=F,HeatOil,Heating Oil,USD/gallon,20260706_070940
2026-07-06 02:40:00-04:00,3.2732999324798584,3.2741000652313232,3.2732999324798584,3.2741000652313232,14,3.2732999324798584,HO=F,HeatOil,Heating Oil,USD/gallon,20260706_070940
2026-07-06 02:41:00-04:00,3.273900032043457,3.273900032043457,3.272700071334839,3.2730000019073486,10,3.273900032043457,HO=F,HeatOil,Heating Oil,USD/gallon,20260706_070940
2026-07-06 02:42:00-04:00,3.2734999656677246,3.2736001014709473,3.2734999656677246,3.2736001014709473,3,3.2734999656677246,HO=F,HeatOil,Heating Oil,USD/gallon,20260706_070940
2026-07-06 02:43:00-04:00,3.2739999294281006,3.2743000984191895,3.272900104522705,3.272900104522705,8,3.2739999294281006,HO=F,HeatOil,Heating Oil,USD/gallon,20260706_070940
2026-07-06 02:44:00-04:00,3.2565999031066895,3.2737998962402344,3.2565999031066895,3.2737998962402344,1,3.2565999031066895,HO=F,HeatOil,Heating Oil,USD/gallon,20260706_070940
2026-07-06 02:46:00-04:00,3.27620005607605,3.2771999835968018,3.274600028991699,3.274600028991699,8,3.27620005607605,HO=F,HeatOil,Heating Oil,USD/gallon,20260706_070940
2026-07-06 02:47:00-04:00,3.2760000228881836,3.2760000228881836,3.2760000228881836,3.2760000228881836,1,3.2760000228881836,HO=F,HeatOil,Heating Oil,USD/gallon,20260706_070940
2026-07-06 02:48:00-04:00,3.2806999683380127,3.2806999683380127,3.2755000591278076,3.2755000591278076,34,3.2806999683380127,HO=F,HeatOil,Heating Oil,USD/gallon,20260706_070940
2026-07-06 02:49:00-04:00,3.2832000255584717,3.2832000255584717,3.2827999591827393,3.2827999591827393,2,3.2832000255584717,HO=F,HeatOil,Heating Oil,USD/gallon,20260706_070940
2026-07-06 02:50:00-04:00,3.283400058746338,3.285099983215332,3.283400058746338,3.2841999530792236,9,3.283400058746338,HO=F,HeatOil,Heating Oil,USD/gallon,20260706_070940
2026-07-06 02:51:00-04:00,3.2811999320983887,3.28439998626709,3.280600070953369,3.28410005569458,23,3.2811999320983887,HO=F,HeatOil,Heating Oil,USD/gallon,20260706_070940
2026-07-06 02:52:00-04:00,3.2565999031066895,3.2811999320983887,3.2565999031066895,3.2811999320983887,7,3.2565999031066895,HO=F,HeatOil,Heating Oil,USD/gallon,20260706_070940
2026-07-06 02:53:00-04:00,3.278700113296509,3.278700113296509,3.2774999141693115,3.2776999473571777,8,3.278700113296509,HO=F,HeatOil,Heating Oil,USD/gallon,20260706_070940
2026-07-06 02:55:00-04:00,3.2808001041412354,3.2808001041412354,3.2808001041412354,3.2808001041412354,1,3.2808001041412354,HO=F,HeatOil,Heating Oil,USD/gallon,20260706_070940
2026-07-06 02:56:00-04:00,3.279400110244751,3.2809998989105225,3.279400110244751,3.2804999351501465,10,3.279400110244751,HO=F,HeatOil,Heating Oil,USD/gallon,20260706_070940
2026-07-06 02:57:00-04:00,3.280100107192993,3.2802000045776367,3.280100107192993,3.2802000045776367,5,3.280100107192993,HO=F,HeatOil,Heating Oil,USD/gallon,20260706_070940
2026-07-06 02:58:00-04:00,3.2820000648498535,3.2822000980377197,3.2809998989105225,3.2809998989105225,14,3.2820000648498535,HO=F,HeatOil,Heating Oil,USD/gallon,20260706_070940
2026-07-06 02:59:00-04:00,3.280900001525879,3.2811999320983887,3.2808001041412354,3.280900001525879,0,3.280900001525879,HO=F,HeatOil,Heating Oil,USD/gallon,20260706_070940
